projectId,orgName,foundation
edd4966c-44bb-4e1a-9c6d-15b0cb901b7e,Ai Powered Mainframe Data Modernization,Linux Foundation
6374af21-c973-4cd8-82ba-829285f5f259,Bgp-Ls Cli Dev & Testing On 7-Node Vsonic Topo,Linux Foundation
cf8ae106-0ff8-4bf9-a5fc-21058b7ad15f,Enable Isis Functionality On Sonic,Linux Foundation
d4c3f013-0e28-4f49-94ad-9c491a456a91,Formal Methods For Comprehensive Testing Of Bgp Link-State,Linux Foundation
9e4231e4-0581-4a8e-ad53-95dde3118d8b,Formal Methods For Refactoring,Linux Foundation
e27c5963-4a4c-4d17-98de-94d66eb8a2d6,Advanced Threshold Key Management,Linux Foundation
b0a24d64-fc7d-4a9c-8314-9c282298e904,Build And Release A Java Sdk For Paladin,Linux Foundation
377bd7ec-c2fb-4903-acbf-7e0ead11aca0,Continuous Benchmarking For Besu Evm,Linux Foundation
10b9b110-954e-4bde-aca3-3554b15aec02,Hyperledger Fabric,LF Decentralized Trust
9afaacd2-76ad-4758-8ae7-c0d4a2823f9a,Extending Hiero Enterprise Java With Smart Contract Event And Log Apis,Linux Foundation
a76b030e-6508-417d-af67-20b841740850,Fablo,LF Decentralized Trust
b2f9f5bd-f597-4176-b577-7be0d6c49076,Hyperledger Fabric,LF Decentralized Trust
179d1abb-3600-4f7a-a55d-342e7c9921b4,Hiero Github Workflow App,Linux Foundation
64c64daa-ffdb-4871-82f5-01c1bdc7fecc,Hiero,Linux Foundation
b4cec9b4-57a5-494d-ab09-eeec7c29b85d,Hiero,Linux Foundation
851ff636-3a15-4f95-9c6c-9f68ad7500bb,Hyperledger Fabric,LF Decentralized Trust
bd715ae9-8c79-474f-b9a4-dd19811bc4f9,Hyperledger Fabric,LF Decentralized Trust
b6136790-ac29-467a-943d-335124e58b4d,Hyperledger Identus - Identity Portal,LF Decentralized Trust
28b166f8-befe-4c97-aaf1-652a48f24dcb,Hyperledger Fabric,LF Decentralized Trust
0bc24781-b769-4808-8493-4a6066fecb9f,Implement Dkls23  Protocol,Linux Foundation
cf3aa0ed-f564-44fd-b11d-ef3fec61e798,Hyperledger Fabric,LF Decentralized Trust
ab089edb-738d-4cdb-bbdb-e0ce2c17f57f,"Improve Usability, Maintainability, And Contributor Experience Of Hyperledger Cacti",LF Decentralized Trust
c4b8a03c-8e33-4c08-b73d-62d27f6ac565,Improving Hyperledger Solang Through Comparative Analysis With The Soroban Rust Sdk,LF Decentralized Trust
d2499f9a-bf9d-4e06-87b0-8dc203102e4b,Refactoring And Evolution Of The Besu Plugin Api,Linux Foundation
7df3d0b5-7abb-41c1-9211-edc9508e3aa7,"Research Composable Token Primitives For Post-Trade Clearing, Settlement, Compliance On Dlt",Linux Foundation
74a0fdce-5afe-461d-b95b-23a2e38f6171,T-Claw,Linux Foundation
54546ffa-df1d-4985-a366-0e03780f5208,Web3J Libraries Full Lifecycle Development,Linux Foundation
6b06180d-fb50-4913-8712-2f920aaf4b77,Mainframe Modernization Whitepaper,Linux Foundation
40b209ce-c759-4648-9d83-31db4ba1d481,Minder 2026,Linux Foundation
126a81c8-2974-40cf-9ea8-2a12f173b923,Mirror Serial Console Traffic In Sonic,Linux Foundation
d86d1ade-43c7-4474-b44e-a236fe5249c2,Multi-Asic T1 And T2 Pr Checker,Linux Foundation
ca5d64e3-e355-4471-8a47-dce23008c55d,Platform Driver Development Framework Improvements,Linux Foundation
8c05d93f-d7ba-45ba-8839-a6d591d3d9d2,Repository Service For Tuf  2026,Linux Foundation
71ff362f-9d94-4d65-bc48-5ec1192888fa,Role Of Ai In Mainframe Application Modernization,Linux Foundation
f98657eb-2308-4810-ab91-ddc79983419a,Role Of Mainframes In Digital Sovereignty And Resilience,Linux Foundation
56339350-7967-4d3b-8b2f-dd6f4def41ad,Sbomit 2026,Linux Foundation
c7e7d9d0-1e04-40e9-a9b6-5424bdae672e,Sonic Test Runtime Optimization,Linux Foundation
a7585ee8-a3a7-4623-b668-9f4e6ec26798,Shadow Analytics Via Redis Replica,Linux Foundation
4a85831f-5288-4b82-b1ae-cc4b1eda2b95,Simplify Platform And Device Management,Linux Foundation
8d6e8a25-11fe-4635-bffe-6c122605eeee,Top-N Interface Traffic Visibility Feature In Sonic,Linux Foundation
16323173-0a18-46bc-9c06-6a09d99fddbe,Using Formal Methods For Comprehensive Malformed Packet Handling In Bgp Implementations,Linux Foundation
86dde479-923f-44da-aba0-bd786a078602,Gittuf-2026,Linux Foundation
f6ce2e3c-27c3-44dd-b318-074b37de9d07,Ai-Assisted Extraction Of Architectural Parameters From Risc-V Specifications,Linux Foundation
1809398d-6c7b-4f30-add5-90e784a35d89,"Add F-Extension Support To ""Ripes"" Risc-V Micro-Architectural Visual Educational Simulator",Linux Foundation
fd4fd9ab-7cb1-4763-9bd5-9c9362c6dbfc,Aether Mentorship Program,Linux Foundation
31957b4f-1b8c-4877-aa94-b1c3997bc32b,All In,Linux Foundation
4df8fab8-e11a-4877-8140-c3633099ea24,Alpha-Omega,Linux Foundation
44a5b622-199f-490b-9d7a-176524e80e38,Alternate Numerical Notations For Risc-V,Linux Foundation
caee5709-e496-4a32-a4ff-f91c3269d97d,Atomic Nucleusrv,Linux Foundation
3b3c7cc0-4e2e-4ac2-9e54-2fa206c68b36,Basic Azure Pipeline With Alpine And Kne,Linux Foundation
d2429c71-6a57-4de1-ba57-ac4f808d020c,"Bringing The ""Sliderules"" Cheat Sheets To The Web",Linux Foundation
8595d01a-5c70-4a3c-ad73-9ae9b08e55df,Ccc - Certifier Framework,Linux Foundation
a779bae4-dc15-402b-ba2d-3fda6523c3ce,Ccc - Veraison,Linux Foundation
cd8810bf-e2cf-43fa-b727-3d2b08021434,Cdp 2-Way Communications,Linux Foundation
99e8e0a0-4d82-4ac5-88bc-55b1d1a2c1f4,Antrea,CNCF
62d69fd5-6c90-4ba1-b260-a5dc247fc3cf,Antrea,CNCF
39be2843-94f8-4ac6-aa0a-3537631aca86,Antrea,CNCF
7dc05f9c-b90d-4fe0-bf43-d6bf10ea29a2,Antrea,CNCF
25ea21de-7f06-43ae-a4a6-52262ce1193c,Buildpacks,CNCF
386ea576-b9a6-4fad-b76d-f954daefbf1f,Buildpacks,CNCF
de67557d-4c27-4ca6-9c93-015636d28682,Cartography,CNCF
28c3d20f-2bb6-42d1-93b5-45bdb33c72bf,Cartography,CNCF
6e60c1da-b78a-40c5-b527-613c00375e72,Cartography,CNCF
1d49ebad-29fa-430c-8492-44f29ee61cc1,Chaos Mesh,CNCF
8db683b0-0273-4a83-9ed9-4c33ee2cfcf0,Chaos Mesh,CNCF
854310e3-e1ac-472c-945f-97bb16bc1aca,Cilium,CNCF
8c677ed1-cec0-44b7-93aa-60f90ddb7949,Cilium,CNCF
ab291439-bfbe-411f-ae31-91e552f01e66,Cilium,CNCF
0858ce07-0c90-47fa-a1a0-95c6762f00ff,Cloudnativepg,CNCF
53fa853e-b5fa-4d68-be71-f005c75aea89,Cloudnativepg,CNCF
86a647c1-88c7-474f-b093-6abb58197083,Cloudnativepg,CNCF
a4839420-3881-46cd-849a-f57784158f49,Copacetic,CNCF
faccbbff-f651-4bc5-a825-be0f395315c9,Cortex,CNCF
55f5e428-bf78-480d-81db-55eef0c4d293,Crossplane,CNCF
febb9f7b-8516-41b5-8815-770d333ac978,Drasi,CNCF
5c427ca3-19f3-4c66-887c-3a3489893300,Envoy Gateway,CNCF
26709fdd-cf31-4643-ba12-88c0a47530ca,Fluid,CNCF
44b75328-8f4b-48f0-a4d5-c8c6d5e86a0a,Fluid,CNCF
daf54f56-a7e6-48a8-ab9f-45915d05a203,Fluid,CNCF
f6cffefc-f326-4313-bc1d-3f44111c2938,Harbor,CNCF
c445172e-5a5f-41f9-b4eb-89cbfe2f3434,Harbor,CNCF
89a4b97d-77c7-4b57-907b-6bc746389b87,Harbor,CNCF
19eb2e9d-df35-4a19-a0dd-cf42103a9a5d,Harbor,CNCF
0d80c83f-259b-46e7-98af-47406891649a,Harbor,CNCF
6e2de11e-5baf-4c55-b3ea-4bec95e16fc2,Harbor,CNCF
b0ef2748-ab96-4c81-b824-14a400c29b5c,Harbor,CNCF
98096893-507a-4c78-a46a-e7541b441e2d,Harbor,CNCF
250e2884-e196-4788-b8dd-fe9c5edb237d,Headlamp,CNCF
abe20383-80fd-496c-8a5a-453fcb732f55,Headlamp,CNCF
2f08a480-7e37-46f0-ab29-f3d18669dd17,Headlamp,CNCF
62e272ef-e950-45dd-9c57-71d216d22ed2,Headlamp,CNCF
5ca70394-f568-4bbf-a88d-4e5af8b235cf,Headlamp,CNCF
1b9a4a99-2d92-4c1a-ac34-7fe554bf6393,Headlamp,CNCF
b6178852-f18d-41e2-b352-c839b8570eae,Headlamp,CNCF
4d736149-aa95-4f31-b01c-a54c754614d0,Headlamp,CNCF
65719d46-b71f-4778-a29b-3bb878d6ec70,Inspektor Gadget,CNCF
a5f01d86-252f-48c2-90b7-c616dc5072d8,Inspektor Gadget,CNCF
557f553d-6cab-41e5-925e-c8063dc99d7e,Istio,CNCF
7a9cac67-6cfc-4915-bc39-8f2b5c1a4d00,Istio,CNCF
958b17bf-e4f2-42fc-a7f3-01d95c53ee73,Istio,CNCF
3c42c0b6-cd32-42ca-b32e-1865f42a9f21,Istio,CNCF
27ef67ba-24a4-4683-872e-d56bcc11d66a,Jaeger,CNCF
14c5fcdd-61b9-40a1-8a10-27a1bba76b3d,Jaeger,CNCF
216f0f5d-6a7a-45f1-9592-2336ce734b2c,Jaeger,CNCF
6816e614-2e9e-492e-9d28-c91506cde073,Jaeger,CNCF
d13df7c9-06d3-4589-bef8-c13e5c79c2a2,Jaeger,CNCF
59d5fb6c-153d-4e46-9d1f-2948641b0471,Kcl,CNCF
cda38f44-e4b4-4f86-8b5a-a89bc08ac34a,Kagent,CNCF
28f6a413-4190-40bd-9226-cdce5767e210,Karmada,CNCF
2fc906da-cc46-4606-8b8d-600b47ff0a95,Karmada,CNCF
cb8a5f0e-fdd4-4e6d-b937-b98b2c80381e,Karmada,CNCF
cf5e8dff-48ec-4ce6-ad92-cfb963f2d6b1,Karmada,CNCF
6b2d49dd-fcd3-480e-838d-7310d63c5823,Karmada,CNCF
5b276804-9268-44c8-b339-1699c04397eb,Karmada,CNCF
10cff3a7-3993-450f-a385-ebbcbf923805,Karmada,CNCF
1419023b-5f92-49af-a550-8cc25dc85290,Karmada,CNCF
38cafd48-6ffb-44e8-9ed1-5c467bc69fd2,Keptn,CNCF
d713bc73-3257-4d21-b533-97e0ccadf7bb,Kgateway,CNCF
347952bc-15c6-48f7-9c4e-aad7dffb3817,Kgateway,CNCF
2a955954-1a86-4835-be29-f4c70bfd77d2,Kmesh,CNCF
a72ca16e-c309-45b3-a2fe-40bdd5e8e754,Kmesh,CNCF
2df8e950-a1cc-4c2b-9cbe-15574ce001ad,Kmesh,CNCF
532690f7-802d-488e-a5e6-2e4ba532d189,Kmesh,CNCF
78522dca-df54-4fc6-a9f2-1ae05af77789,Kmesh,CNCF
54afaf17-4dc9-4783-9641-a95b5a33af9e,Knative,CNCF
414b7749-fe19-4874-a260-b6017c2c3242,Knative,CNCF
42557ffb-deb4-4b9f-a0b2-78f7f397216c,Knative,CNCF
92e42a9c-fc0a-46bf-8ca7-69ad673dcce0,Krkn,CNCF
e3a6c68a-d3c5-414d-91a2-3681f4bc4473,Krkn,CNCF
6f4f89b9-16e8-4cd5-933e-5478c32c448f,Kube State Metrics,CNCF
65cabd48-6a5a-4eb6-9e80-4420c152da6a,Kubearmor,CNCF
70f1ef34-7ddd-466d-a5bc-0f74e98c06f8,Kubearmor,CNCF
ca9220f2-1d8d-4977-80fd-068a6f756cc6,Kubearmor,CNCF
c0ae5caa-3c82-4b4a-8890-703278ca7fda,Kubearmor,CNCF
50cdbd65-e0cd-4c0f-8c63-6bd5c603ba89,Kubeedge,CNCF
82d71e63-2e1e-48d6-8c93-91c9e8bf8d5d,Kubeedge,CNCF
15043686-0866-4d5a-9016-3a6cbfd448fc,Kubeedge,CNCF
2e9d0538-0941-4f10-8c52-9afd6294e16e,Kubeedge,CNCF
cf597b73-56fd-45b8-a605-5bb73f6b838d,Kubeedge,CNCF
8cf4ff37-e638-4b73-a5a1-521806ac8db1,Kubeedge,CNCF
5f891584-5ffa-4f7c-87ca-765962d2d467,Kubeedge,CNCF
fe439c9b-819f-43c3-b42d-b9b0c0b7afb0,Kubeedge,CNCF
9826762a-9960-4310-9d94-8d626b387a1c,Kubeedge,CNCF
5ad92659-907e-45b6-8cac-e5531c4696bd,Kubeedge,CNCF
c066ac53-5435-4057-a84c-0e0be62e8b65,Kubeedge,CNCF
bd625cf2-dba9-4246-8c32-746fcc05c8e0,Kubeedge,CNCF
e7dd489f-a50e-4dd7-aad2-174112862118,Kubeedge,CNCF
c936cda3-d842-4286-a38a-7138d5b04f51,Kubeedge,CNCF
60e31adc-64b2-4ddf-9e09-01c64350aac1,Kubeedge,CNCF
446813c7-f2a6-4d81-ac64-ba407333fabe,Kubeedge,CNCF
6ea6aa02-023f-492f-addd-28087e9810a3,Kubeedge,CNCF
0afab514-1094-4363-b700-d5116b2d62de,Kubeedge,CNCF
617cbe05-da5f-4955-8745-28cce769d511,Kubeslice,CNCF
999f25bb-988c-48d5-a547-f353f8bcdf0d,Kubeslice,CNCF
db7a4bc3-3489-4ca9-9d6a-13f27fbee7fc,Kubeslice,CNCF
6123c24e-41ce-4335-88d1-dbd0f72e3631,Kubeslice,CNCF
77a6f9f0-bd0f-4eb4-9d37-408b517f9208,Kubestellar,CNCF
cf08311b-a7cf-4309-9989-5f85ba2b05b3,Kubestellar,CNCF
1cd69035-2bab-47f1-9774-952e9ec0d43e,Kubestellar,CNCF
72839cf1-1b27-4008-aa11-dfea483bd6ee,Kubestellar,CNCF
7a1357be-6d84-439a-8cad-4f9b90d491c9,Kubestellar,CNCF
d5499737-549b-498a-922a-695ef3955725,Kubestellar,CNCF
7b85c3fc-57ab-451d-a43a-c84251c4bc91,Kubestellar,CNCF
11478e3c-ac06-4d15-a11f-a7bf1f9994e3,Kubestellar,CNCF
b992256e-ed5f-44f3-8c13-8f3d8726fe00,Kubestellar,CNCF
1cf30f20-dea9-42ae-a115-2747d6755d9c,Kubestellar,CNCF
df6a6816-6c24-4464-98ca-38acc0764f83,Kubestellar,CNCF
a23f93b7-e384-4515-a165-c01e4ecd00ad,Kubestellar,CNCF
ee612f4c-ddb8-4f80-8692-3c975bc500a3,Kubestellar,CNCF
a56d987c-f754-4e2f-b159-2ea578ca5e56,Kubestellar,CNCF
cab6e242-33d5-427d-a408-9adff1a95271,Kubernetes,CNCF
e88fb12c-5943-4c16-becc-83b449b15e9f,Kubernetes,CNCF
b6b2b30f-1663-4902-a6a5-1c3ebd927a38,Kubernetes,CNCF
7c510003-5f52-45c2-b5de-b6664851d3de,Kubernetes,CNCF
63faaa29-00a2-43af-b874-fa1b90630318,Kubernetes,CNCF
f65481a3-a745-4230-a0cf-61ffdc00876d,Kubernetes,CNCF
e60d11ff-bf0a-47d6-a873-0583428c8cb3,Kubernetes,CNCF
396fa725-9739-4f83-ac99-314ef1952e35,Kubernetes,CNCF
953e5f12-460b-4bf1-80b3-5171c2044462,Kubernetes,CNCF
c546b376-f57d-4181-b2fe-4acf6586e0cb,Kubernetes,CNCF
79146277-961a-4f69-af48-4c9ae0e1a7fd,Kubernetes,CNCF
1c860c94-b1d3-401c-b2c1-20527cb80391,Kubernetes,CNCF
d90c31a1-4027-4602-a318-48459008d3a7,Kubernetes,CNCF
c71fdb2a-8e77-447d-ae8b-3e977e0fd86a,Kubernetes,CNCF
127b628a-a5f1-4ced-a2ac-7892148699a0,Kubernetes,CNCF
76c1d526-6369-4094-babf-90cf6af1c187,Kubevela,CNCF
849ac80c-2086-4df6-b2f8-b57b0a78b51d,Kubevela,CNCF
15bb5d46-4d54-4a81-a5e4-016450cc780c,Kubevela,CNCF
2981c1de-49af-4bd8-b87d-02e455a96ee1,Kubevela,CNCF
1c387c2c-8c17-49e2-82b2-429c012472e6,Kubevela,CNCF
ae18aaf2-374a-4657-8294-a0066b9a11bd,Kyverno,CNCF
5c1581e3-04c2-40ed-ab50-b888e02f973f,Kyverno,CNCF
6efc64ce-3fd5-4489-b4c0-846f661ecb6b,Kyverno,CNCF
ef446774-4fe7-4027-8c9b-e1e125c643ae,Kyverno,CNCF
98a5686a-3f18-4a79-ac9d-9ffa228a6e26,Kyverno,CNCF
6ad81eb7-295b-4ec8-b9b4-db20e1f3a346,Kyverno,CNCF
206776e3-e3c2-4418-8536-2ce9642302eb,Kyverno,CNCF
72445950-34e9-4e80-82ef-251882464336,Kyverno,CNCF
9e3e1e1c-e04b-401e-8eba-edc5894fdf9f,Litmuschaos,CNCF
6f1497c6-f583-462e-bd67-b3f0bb3df5cb,Litmuschaos,CNCF
57571877-84ec-415a-ad0b-b076e20f3ad0,Meshery/Smi,CNCF
a1320a25-58eb-48d6-ab0d-3c78a0e410cb,Meshery,CNCF
90c028e7-967c-4240-aab9-9169742ecb8c,Meshery,CNCF
2ce4cf0b-05e0-430a-b9e1-3df46d917ef6,Meshery,CNCF
c235efc7-da60-4eb2-814f-5aa8e1ac903e,Meshery,CNCF
d548f403-0d7f-4ca5-88f1-393ae592a05a,Meshery,CNCF
8a048110-059d-4928-bd94-00fd5f5e500d,Meshery,CNCF
b993ee7d-6b52-47e8-a651-e1c6c91e5d2b,Meshery,CNCF
6c0bb714-9858-43b0-9c04-2f4b14d6c263,Meshery,CNCF
546491c9-c046-44e0-82de-2d9cc09b13d4,Meshery,CNCF
ed9d4af5-823a-4127-afdf-643c2b623f22,Meshery,CNCF
c035515b-cf76-4225-8f28-da16b0a832e5,Meshery,CNCF
0fa2c3b1-f9e5-4f87-bdac-adb72d6a0752,Meshery,CNCF
b1fcdcd9-0066-4a9a-a879-7d5624b02727,Meshery,CNCF
a183c51e-22c6-473b-93f4-6c286993e435,Meshery,CNCF
6244b48c-1fc6-4b1c-b965-7df7e117b06d,Meshery,CNCF
e5a8af13-9891-4ca5-8dca-b0151a4345fb,Meshery,CNCF
3a83e46e-b950-4c57-bfa1-4b44bdadfad6,Opencost,CNCF
79cfd37e-3259-49ff-82d2-58970fbbef6f,Opencost,CNCF
c64774be-9c42-4405-9536-1e77977a5414,Opencost,CNCF
ee1610ae-5850-4aa2-b3aa-edf39fded503,Opencost,CNCF
0c5cecb1-3de8-435a-acdf-7adfcbd759d3,Openfunction,CNCF
6226f066-2de6-4417-b985-6cbcab6163d8,Openkruise,CNCF
8e20df07-bd63-48ba-8078-18567c42597f,Openkruise,CNCF
2994906f-deff-4539-bf6d-e767b5cfcc31,Openkruise,CNCF
1f2605c8-c9f3-4a13-95d5-062bd024f9be,Openkruise,CNCF
d1e7cffe-6363-4439-8715-33019490da7f,Openkruise,CNCF
411dea84-5f3c-46d5-823f-67b7c8f3d0e9,Openkruise,CNCF
174fea66-b624-4642-8b07-5910176bee0d,Openkruise,CNCF
f8a528a7-4473-4ce5-8cb5-9b6e412d93b0,Openkruise,CNCF
7426f5d7-1879-46cc-a933-880ee790d0eb,Openkruise,CNCF
b2d7982d-47c2-4adc-93b0-98f260106e86,Openkruise,CNCF
fdfeb5fd-0636-4f9a-a196-adc1ce3b7835,Openkruise,CNCF
217a88a5-ecbc-46b8-9e90-b68993a8ae45,Openkruise,CNCF
f249fa01-8c21-4898-ab02-234653cb8256,Openkruise,CNCF
4a1f10ed-82f8-4611-95c4-3bac0b165609,Opentelemetry,CNCF
9ec7fc38-8850-46b9-8b7b-4d648a903bb3,Opentelemetry,CNCF
2d114b9d-015e-40f4-bdd7-9acbb836d84e,Opentelemetry,CNCF
5f537fc2-548b-487a-99ed-c61f7e8bcd47,Opentelemetry,CNCF
08b86a82-9603-4b17-89b1-cace6b341c16,Opentelemetry,CNCF
d100c331-0f18-4728-9aa2-0c77bb486702,Openyurt,CNCF
d92d9590-63ea-4551-93b7-047f32ae2b17,Openyurt,CNCF
0d59f3ef-8de1-4264-9a0e-96afbe3558af,Openyurt,CNCF
2d9f66f5-4c10-435c-98f9-160e7caa0989,Pipecd,CNCF
59990960-32be-4bb7-937f-4c749c02e715,Pipecd,CNCF
d1c5f444-3679-4102-b0a8-dd66e225dc65,Pipecd,CNCF
ca6413f6-6f97-4e41-aad8-8d2bbe17251d,Pipecd,CNCF
cd5b3190-26c8-4b71-8ebc-4b83677bd30e,Pipecd,CNCF
f56d4b7f-be23-4349-8066-f6526b863068,Pipecd,CNCF
61da37e0-a485-4b8e-aaa0-7e5b32578572,Pixie,CNCF
07efb861-3c5b-4bc2-9986-593656750ffc,Podman Container Tools,CNCF
b703834b-9250-4413-b056-76a8ad885ea2,Prometheus,CNCF
6bd5c5e0-25fc-4214-89ca-a48456d477b9,Prometheus,CNCF
cc7aedbe-d634-4b91-9d18-62df9e7d858b,Prometheus,CNCF
d16f520b-2b77-4eac-bbd9-5c4cc5fdccf5,Prometheus,CNCF
dc27a939-6bb8-470c-8250-9f2d2ddfd64c,Prometheus,CNCF
622bbf07-b001-470c-8da8-b714bb127183,Racklet,CNCF
98b9a7d7-4dd4-45aa-96f9-145e058efcee,Service Mesh Performance,CNCF
278ad0b0-ec8a-474a-863b-a8a01956d99c,Service Mesh Performance,CNCF
dfccf818-c7f7-4074-9e1b-2805698d9d89,Thanos,CNCF
3fee59ac-7716-4ad5-9282-ea63ccffea9b,Thanos,CNCF
0afef0c2-6ad0-41f1-8c56-10a52afe87b7,Thanos,CNCF
7a13b009-0365-4910-8fbf-9088294870fd,Thanos,CNCF
e49f92f3-4cca-4f10-a0c2-806df1ea63b5,Thanos,CNCF
74a898a5-d741-4c92-87c9-456541214395,Thanos,CNCF
7ce99708-8ead-40df-ba12-6ed02f639c04,Thanos,CNCF
eb96b91a-85c5-4ee5-aae4-46c9f10981e0,Tikv,CNCF
06ecd0e0-8d29-44e4-b249-80dd07704564,Tremor,CNCF
5c828028-f91c-4969-b4de-9efdb27bb869,Tremor,CNCF
b503dac3-3b2f-49c5-be17-1d95404ef0a9,Tremor,CNCF
336820e5-b46e-4184-a7eb-8f0cb4dd18b4,Tremor,CNCF
845ccf34-d7aa-45cf-abc2-1b3064e96af1,Vitess,CNCF
058a41fd-79e8-43f7-a5f7-1840c1f759be,Vitess,CNCF
76f2edd5-0f1c-4755-90a1-41ee09fb4d4d,Vitess,CNCF
6d823c50-31c8-4b43-8479-203a0a4685f7,Volcano,CNCF
02f3c9db-9462-47df-986c-47cd7c0a2a2a,Volcano,CNCF
b350f84f-3fdd-4062-81a9-d4875044ed7b,Volcano,CNCF
f0658f64-42f9-4301-8c2c-9ad7d3328638,Volcano,CNCF
6e853798-e2a3-445f-89f4-63c2e5acc58b,Volcano,CNCF
e81c895a-69f9-4c63-b4fe-e9352c3fa2e7,Volcano,CNCF
a8bafeea-f608-4e73-9a44-ca60c309536f,Volcano,CNCF
017774aa-f821-49c6-b701-fef1a0fae17b,Volcano,CNCF
0b781423-cf4b-4a3c-b714-13f7350c1e63,Volcano,CNCF
4127a1fe-a8cb-45fe-931f-2a31eb5ca57c,Volcano,CNCF
7243aae3-dfab-4d20-a453-b6daa513544b,Volcano,CNCF
f21bec94-085e-4e2d-94ac-3b61b4471818,Wasmedge,CNCF
63adcf97-cd3e-4c96-a5fc-6076b5a5d511,Wasmedge,CNCF
666271e6-7bdf-4050-a2a2-3adaac5a7c13,Wasmedge,CNCF
41a8bf79-a903-4c03-afb7-256fd373c0b0,Wasmedge,CNCF
5070cba4-8c1e-4392-8cf8-cd9bebb5277e,Wasmedge,CNCF
59fd2575-e4ac-4526-8866-bda78d760533,Wasmedge,CNCF
3d219bc9-0d8f-4ca3-b2fb-9058aad4067d,Wasmedge,CNCF
41c5a3df-0b84-4b78-b343-bacfc2a3c4ff,Wasmedge,CNCF
5a701778-f5eb-493b-a8f9-d9a146ccefe6,Wasmedge,CNCF
54acdf6e-e53f-4a18-9b4b-8797da503150,Wasmedge,CNCF
5def28a6-3ec2-4ba3-b56f-403a03a2b9ef,Wasmedge,CNCF
47dbcdfb-7468-4f31-8701-a51f705ac87f,Wasmedge,CNCF
08d37da9-56cb-42bd-ae17-99fec51c9e1d,Wasmedge,CNCF
8b592388-6a17-4a8f-82e4-121131c217d0,Wasmedge,CNCF
53085238-2bfa-4d26-99d6-2b797e693d08,Wasmedge,CNCF
a0542cf9-a862-4055-8961-d2aede3d91a6,Wasmedge,CNCF
d82c102b-4f82-4ca8-9627-25ef9d745321,Wasmedge,CNCF
fca1338f-5be0-41e6-a499-b44e2e722096,Wasmedge,CNCF
534539a6-9265-466e-8707-8f228a7e5c3d,Wasmedge,CNCF
3ee046ab-29d9-4e5c-bb7a-4564bd4e2765,Wasmedge,CNCF
31044818-fe9d-478d-b740-5d4c8a4c49c2,Wasmedge,CNCF
95074422-1740-4cf8-bcce-917798c3f840,Wasmedge,CNCF
d7ee97d4-ee89-4cce-a128-34f87fe2fb5a,Wasmedge,CNCF
e54744c7-0435-42bb-b9aa-60e8df1c9081,Wasmedge,CNCF
90bcea22-62eb-4e81-aa0f-89b517b2a620,Etcd,CNCF
45d3c78d-79bd-4bdf-9fb2-1d136aee2367,Etcd,CNCF
b8acc432-094a-431a-877a-97f209893672,Kgateway,CNCF
1c354620-3475-474a-9641-a0a93f6961cf,Kgateway,CNCF
1badb86d-1aa1-4879-9399-3bb459f2aa0e,Kgateway,CNCF
4343c10e-7c14-416f-b26b-6094312aa397,Kgateway,CNCF
0a9d8439-6c3b-49f6-8167-503f05161b43,Kgateway,CNCF
3a44c772-0447-4094-a5d3-dac1d41c3ab4,Krkn - Chaos,CNCF
4550c85f-2451-47bd-9873-94b60f9cf701,Krkn - Chaos,CNCF
8f651e4b-a0bf-468a-ab2b-a8167bd85e87,Kube-Burner,CNCF
fa247b88-8f80-4b1e-97b3-903ae3ea2be5,Kube-Burner,CNCF
bafc9296-3069-432e-b1fc-600b7a6ad590,Kube-Burner,CNCF
6d6e52c9-d4a0-4d0d-a3d8-f289935d9906,Urunc,CNCF
f1fb6914-eab7-481b-85ce-78f095ad4989,Urunc,CNCF
59a4a90b-fc38-4aae-a712-b622eab55d61,Urunc,CNCF
cc564a0f-72d5-4588-ad83-0e5bb0257df2,Core-V Wally Technology Readiness Level 5,Linux Foundation
12a8bfec-ba3f-496e-bc26-118e9f5eebe6,Chaos Mesh,Linux Foundation
d70e1f9e-abde-403f-8389-52a122301500,"Cloud Native Measurement, Reporting And Validation Of Carbon Emissions",Linux Foundation
82499c8e-342d-4ae3-9f9e-5f1b4c7f1dc3,Cloudforet Naver Cloud Plugin Development - Unpaid 2023 Mentorship Program,Linux Foundation
4af26aeb-8088-453a-8870-83f5ee6b7189,Coccinelle For Rust,Linux Foundation
89bd89b0-8a0e-42ef-9251-c7916b1c1d4b,Code Gen,Linux Foundation
7deb8e48-6797-4115-bb96-9cf4ccee022e,Codeuino Mentorship,Linux Foundation
3dbf9c76-1147-4d49-b4dc-a982061f0b9c,Confidential Computing Fellowship,Linux Foundation
4202ff8f-c683-497b-8d06-d801d02943f0,Contributing To First Stable Release Of Mldsa-Native,Linux Foundation
292b25d5-9c55-4037-9740-8205d0fe8e20,Create A Workload Analysis Flow Using Risc-V Olympia Performance Model,Linux Foundation
1dbecd05-87ae-476f-9d0a-1985cc001ec6,"Creating An Execution-Driven Version Of Olympia, The Performance Model Of Example Risc-V Superscalar",Linux Foundation
304ded5e-1eb7-4f71-a6ac-1d281cba918a,Dpu Operator Enhancement,Linux Foundation
e6105cb2-4948-4ba4-b923-4cd4e88027bf,Electron Fdc3,Linux Foundation
981a9ebb-1f37-4619-a876-b5997c248afa,Enhancement To Olympia,Linux Foundation
aad7822e-9ae8-402d-aeb0-2663a6bd8039,Enhancing Constant-Time Analysis Tooling In Liboqs,Linux Foundation
7c560645-b028-4a42-8ea5-4af880d6910f,Finos Accessibility Theme Builder Mentorship,Linux Foundation
3d2a6deb-cfbc-423d-9bb4-98f72aab16f6,Finos Marketing,Linux Foundation
4d633e10-48bd-4834-891c-0e076eb79a18,Feature Optimizations For Riscv-Ctg And Riscv-Isac,Linux Foundation
16d86d3e-57cd-4d15-8b59-25089f3ec6fc,Google Season Of Documentation,Linux Foundation
903b8a9d-b4f5-48be-865f-193f8a048885,Graphql Mentorship,Linux Foundation
9aa494b7-689d-4672-8126-e66d99282a5b,Hardware Abstraction Layer Transitional Library For Software To Hardware Posits For Risc-V - Part Ii,Linux Foundation
700fe3a8-04a9-4aed-8264-bd353aea56ee,Benchmarking Cross-Chain Bridges,LF Decentralized Trust
409242eb-183f-42f7-a2d8-77d9b947b380,Cacti - Polkadot Connector,LF Decentralized Trust
97876956-061e-44c5-b55e-938aca2b6440,Cactus And Hedera Hashgraph Integration,LF Decentralized Trust
fd61c1c4-1245-4f46-a942-d837333bcaaf,Chia Connector For Hyperledger Cactus,LF Decentralized Trust
1b293202-895d-4b5e-88a5-d3c62fb33461,Client Connector For Hyperledger Besu,LF Decentralized Trust
a1e7cb12-cfca-4798-858c-48a32bd4a9c0,Decentralized Identity Management For Trusted Interoperation,LF Decentralized Trust
7874611c-245f-4b34-b922-dcfd65a50295,Hyperledger Bevel Documentation Redesign,LF Decentralized Trust
93dffb9b-dcaa-41ad-b4fe-53a5accb89b5,Implement An Ssa Intermediate Representation For The Solang Compiler,LF Decentralized Trust
fe1a55e2-ee40-406c-af98-3b199250bf21,"Improvement In Hlf-Connector, Hardening The Production Readiness Aspects",LF Decentralized Trust
7f9476df-4621-46ec-ae0e-635d19ee5bad,Hyperledger Fabric,LF Decentralized Trust
02031dab-d08f-4ccf-89ca-ec38c7ca6257,Hyperledger Collaborative Learning - A Distributed Smart Contract Management - Unpaid,LF Decentralized Trust
4e36b5fb-ea0c-4cba-aedd-05e2744ced1e,Hyperledger Collaborative Learning - Design And Spec Didman Based Openwallet - Unpaid,LF Decentralized Trust
8a4e6a1e-a5b6-4f74-93e0-94c7177ba375,Hyperledger Collaborative Learning - Extend Drman & Gitvcr For Gitlab - Unpaid,LF Decentralized Trust
6c79696a-4c4f-470e-a004-e17d1e6a091a,Hyperledger Fabric,LF Decentralized Trust
5d6ee2ff-8d0e-400b-8869-81b5011538e1,Hyperledger Fabric,LF Decentralized Trust
97580629-5b4e-40dc-8588-f82d60611dbd,Hyperledger Fabric,LF Decentralized Trust
ff8c6964-fad4-4629-a603-0d71a4857e1c,Hyperledger Collaborative Learning - Improve Documentation For Drman - Unpaid,LF Decentralized Trust
7c936217-2dbf-479e-9698-c2844ac904de,Hyperledger Fabric,LF Decentralized Trust
f9273aa3-f70a-4e14-aedb-e37d4c63c4ab,Hyperledger Fabric,LF Decentralized Trust
79ec7d7d-506b-43c7-a7fe-a098391be542,Hyperledger Collaborative Learning - Semantic Tools For Interoperable Climate Accounting - Unpaid,LF Decentralized Trust
179e7834-cb89-47a1-8332-05bb670f4401,Hyperledger Collaborative Learning - Student Chapter Society Onboarding And Engagement - Unpaid,LF Decentralized Trust
93854d9d-51ec-4460-b12b-42788492ace8,Hyperledger Fabric,LF Decentralized Trust
38f04760-c6e5-4ea5-9336-d7dc685c0d59,Hyperledger Fabric,LF Decentralized Trust
15e75e7b-fe14-44d4-9e08-cf19bf8d1e0a,Hyperledger Labs Ai-Faq Llm Chatbot Gui Implementation And Prototype Deployment,LF Decentralized Trust
ccfa5ba6-b052-4144-8d28-38fdba5f66c7,Hyperledger Umbra - Chaos Monkey Engineering In Umbra Scalability Tests,LF Decentralized Trust
bd0a1306-fddc-426e-875d-30dc81799a33,Hyperledger Web3J,LF Decentralized Trust
acab7ade-f173-4a01-bd47-6a8ff23333ff,Hyperledger,LF Decentralized Trust
48e6da88-6065-4226-978b-80f35ca393f6,Hyperledger,LF Decentralized Trust
23f705c9-0008-4bf1-af7c-4630259fa4aa,Hyperledger,LF Decentralized Trust
a170a0cd-db15-46fa-a0f2-59761ff5a2ed,Hyperledger,LF Decentralized Trust
ac33cc23-2fad-4703-b7d6-22202b7f10b3,Integrated Cloud Native Reference Stack For Edge Use Cases,Linux Foundation
de52f04f-f948-41ca-a866-1eaf51c84dcc,Klever,Linux Foundation
80719aac-15fd-428a-8a4c-7963e71b469d,Lf Energy - Hyphae Apis,Linux Foundation
09fd65f4-bba3-44bd-9b06-384434f393db,2023 Fd.Io Website Ux Improvements,Linux Foundation
2995c2cc-d72e-43f8-aae2-4d87f284b0ff,Anuket Ai/Ml Models For Nfv Usecases R&D,Linux Foundation
285d7dd0-fec5-43cd-b0db-c47e63aa5132,L3Af On Windows,Linux Foundation
467bef51-de9d-426e-a043-99751a296c64,Lf Research,Linux Foundation
35992fa0-df01-4d47-a7cd-4fd869490dda,Lfx Engineering Mentorship,Linux Foundation
682b8b07-8fb4-4243-8932-cc27ecea2d0b,Linux Kernel,Linux Foundation
8f69e012-08d0-4e2b-baa7-9143b5f98823,Linux Kernel,Linux Foundation
a1fc17cf-d75e-4834-8eb0-7652a50b7ab1,Linux Kernel,Linux Foundation
dbe51fb4-b796-471a-ade8-b80edbfa2501,Linux Kernel,Linux Foundation
65d4c337-66fd-4d22-8a21-e836fafbebc4,Linux Kernel,Linux Foundation
e7b7c417-e2cf-448a-bd8e-16ed7f3f28e2,Linux Kernel,Linux Foundation
89482d7c-3096-4119-aa0e-81bf33a370d6,Linux Kernel,Linux Foundation
859e75d7-d85a-419e-801e-f1c64c4b3b47,Linux Kernel,Linux Foundation
8bdac7b8-403f-489d-8999-ed16bca09cd2,Linux Kernel,Linux Foundation
f1b93bd9-d58f-42e1-a088-752633a088ff,Linux Kernel,Linux Foundation
8822c262-9795-4c84-a7c8-43346e2f5974,Linux Kernel,Linux Foundation
4faa0df5-5443-4af0-bcef-fa35bda552cc,Linux Kernel,Linux Foundation
53378ec5-48d7-4c49-a01f-8cbd3948db3d,Linux Kernel,Linux Foundation
cdfbfdad-9bc1-4623-9624-f8b7133c9167,Linux Kernel,Linux Foundation
961861d2-4e87-4c5b-9d30-d185b071db29,Magma Core,Linux Foundation
96d22656-ad60-4de2-9b1d-02c32173c40c,Mainframe Open Education Core Team,Linux Foundation
0d6fd362-04a1-4086-a6e7-ec753ed4a60b,Meshery,Linux Foundation
42e2c6c4-4af6-406e-b1f7-5030206da0de,O-Ran-Sc Code Quality Improvement,Linux Foundation
5f57a1ed-921d-40fc-902b-f1bdb6e413f1,"Addressing The Cobol ""Crisis""",Linux Foundation
179eff76-1b03-4121-bf2d-edbc2f6bb6fc,Bringing Open Source To Mainframes,Linux Foundation
a4907f3a-566e-4984-84c8-1b5f24971105,Cobol Programming Course Hands-On Lab Development,Linux Foundation
42f4a645-d674-4f92-aa83-dceaf71c9cb9,Drive Mainframe Modernization With Agentic Ai,Linux Foundation
5cba87c5-f96d-4d03-a47f-eb776128dcd2,Enhancing Marketing And Communication For Mainframe Open Education,Linux Foundation
ea44ab21-8b14-4d17-91de-d7a8724483f8,Finalize React Front-End,Linux Foundation
2e784e4e-5569-45b8-98b8-4881f4b0e6e2,Galasa Github Actions Build Process,Linux Foundation
f6ff5693-46c8-44c0-b4d9-325d9da342d3,Galasa Test Run Web User Interface,Linux Foundation
95d38ad9-def7-493f-a76c-a818e16759ee,Give Love To The Bugs List,Linux Foundation
8ca351b0-168d-4b89-87ec-3a37a3c77cd1,Go Sdk For Zowe,Linux Foundation
8b3f2104-8f8a-436e-841a-a8a05eb46c98,Hybrid It With Mainframes And Cloud,Linux Foundation
3d504479-53cd-471f-81ae-cf91ff774452,Improve Feilong Packaging Process,Linux Foundation
ed3b5339-270c-4197-99f4-488d9a927b5b,Mainframe Modernization Video Series,Linux Foundation
3113bbee-4d1b-4e84-92bf-7f78324972bd,Mainframe Modernization White Paper,Linux Foundation
0ba01844-7056-48e4-bba6-a7dcd179cb85,Rag To Riches - Using Your Legacy Data,Linux Foundation
6de9e098-952a-49da-bdc8-153d32487173,White Paper,Linux Foundation
d3fc78e0-5a2e-4f2e-8659-11cb52eda3cc,Zebra Javascript Application,Linux Foundation
78d0f142-e0a8-4459-a30e-700ba3edf7cb,Z/Vm And Linux Modern Administration,Linux Foundation
fc6a69bc-5105-462c-9e01-988035b8fec3,Zos Performance Monitoring,Linux Foundation
55cdb4a1-76bd-423a-ab48-3bdf1502a171,Open Printing,Linux Foundation
6db29eff-87ef-4eb7-93cb-de7b560d478d,Open@Rit - University Ospo Methodologies Research,Linux Foundation
6bfb3b5f-0819-482f-b90a-a5ebf458c69b,Open@Rit - University Ospo Playbook,Linux Foundation
d419da30-b718-435d-8673-6c1260307339,Openbao - Cryptographic Mentorship,Linux Foundation
7a0a21ed-feb9-4dd4-b315-04ee20c0f4a4,Openhpc Mentorship,Linux Foundation
b71de1f8-950a-4794-a1e8-6eb62514ae9c,Performance Model Of An Example Risc-V Out-Of-Order Superscalar Processor For Community-Wide Use,Linux Foundation
3237a2e2-1265-4b87-b650-72b7c34a77b6,Polycephaly,Linux Foundation
c01749ca-32b1-4c35-9e5b-e687fc8a8f4a,Port & Polish,Linux Foundation
547e11fc-fc15-4c8c-a6e4-9e3f3a908543,Risc-V Audiomark,Linux Foundation
06a1fd86-1f54-4828-b39d-6d165f790498,Risc-V Education Apprenticeship,Linux Foundation
2021e650-c533-4671-afed-bf87c089af09,Risc-V Mentorship,Linux Foundation
09e29f14-d107-4834-9d7e-353fd4729924,Risc-V Processor Certification,Linux Foundation
95ddd493-8451-4f73-9d54-305379dbab0a,Risc-V Vector Coprocessor For Ecg Detection On Uet-Rvmcu,Linux Foundation
f67af82b-db0d-4e9d-a856-bffa34514f30,Linux Kernel,Linux Foundation
310e66d9-34db-41f6-8450-a29bf748a99b,Repository Service For Tuf,Linux Foundation
b81d1e1c-d59d-42aa-b8a3-b8051eb9f2ed,Sail To Cgen,Linux Foundation
f4314dad-5cdd-4179-a6ea-53a2fc9f55a4,Syzkaller On Freebsd/Risc-V,Linux Foundation
926665ac-9b96-45aa-bb11-5d99096be870,Using Machine Learning To Predict Deforestation,Linux Foundation
f821190d-581d-4251-8b9b-9b8efbe9018a,Veraison,Linux Foundation
837a970d-64c3-46d1-ade2-5b8b8997a0d4,Volcano,Linux Foundation
b5b25fd8-5d68-4191-907a-b4802fb13e49,Zowe - Metrics Dashboard For Ml Services,Linux Foundation
682e1c59-cd50-4602-ac91-2da8a9be01ea,Gittuf,Linux Foundation
16c0e98d-0b31-4e36-937e-2cbeb7fccebe,Linux Kernel,Linux Foundation
4c012eae-8e43-46d3-a27b-6805dcc4e261,Mldsa-Native And Mlkem-Native,Linux Foundation
3cc2be4b-e208-496c-b801-23ef3bb2716a,Atom Syntax Highlighting,Linux Foundation
d2eff030-2e28-4a6d-b89b-7f3e2084ea96,Accelerating Risc-V Vector Instructions By Using A Bionic Network Design,Linux Foundation
f56cbce6-eed6-4633-8f1e-77169e8911ce,Adding Single Precision Floating Point  Extension In Nucleusrv Core,Linux Foundation
5d5d4357-f340-47c9-9ff2-7b0536291576,Argo,Linux Foundation
fbd406ee-5d76-4d8b-939d-c37d42643fa8,Ccc - Islet,Linux Foundation
80c135fc-de55-4542-86f5-65b91d267d11,Ccc - Veraison,Linux Foundation
a3b8d4a8-0651-4059-b100-bcd0ea46b21e,Ccc - Veraison,Linux Foundation
e5101a74-a177-4f65-b882-8c8ac2a2d65d,Cics And Laptop Option For Cobol Programming Course,Linux Foundation
ae950bcf-d16b-4d26-aed0-702c1eedb507,Antrea,CNCF
12b695a0-e05c-46b9-a42d-c7e4709f0129,Antrea,CNCF
8f08ebb1-05a8-41fb-8c4c-85626f63c195,Antrea,CNCF
c1b6fda9-e2e6-41e1-8495-68abe9e980ca,Antrea,CNCF
a80908c1-c05b-46c4-a41b-32392c4822cb,Armada,CNCF
73d90321-62b3-498e-bf37-d899ec99df9e,Armada,CNCF
98f6b50e-d097-42ca-b42f-3f51e6f91f0b,Buildpacks,CNCF
df011bb8-8ce1-4092-bfc6-1e92ce40a17d,Cncf Landscape,CNCF
c45cc842-278f-4663-9ff4-deecc3fc040d,Cncf Landscape,CNCF
96080e3d-83e2-46ed-928c-b6e7f3154bf3,Cncf Tag Network,CNCF
99274b1a-694b-4af5-b7ca-39311f38a646,Cri-O,CNCF
cb189d71-3943-450a-9d5f-d71bd66d73c9,Cri-O,CNCF
7ed311c5-6b9b-4056-a8ee-acf04b9f55b9,Cri-O,CNCF
91398424-f095-4b85-bb0f-e7c56e777ea0,Carvel,CNCF
5dd87db8-769b-4647-97c1-2bc4ab571808,Chaos Mesh,CNCF
09847d84-5d14-4c05-8644-57cdde5b6466,Chaos Mesh,CNCF
8ad2c24f-120d-4369-866c-c911a5c885e9,Chaos Mesh,CNCF
9ab5c6dc-4735-4dfb-99c0-d00e86aeae60,Cilium,CNCF
eeaec4a9-5a9c-4cae-945d-f99265e85275,Cilium,CNCF
680e32e5-d056-46fa-a94d-4af453d4e81d,Cilium,CNCF
659fe584-68e6-46bf-bd13-12653ef60268,Cilium,CNCF
81a0e506-1c05-45fa-90c4-6bde8bdc0e61,Cilium,CNCF
4b711f9e-90f8-486a-90fc-d832e1c852ca,Cloud Native Buildpacks,CNCF
ee387e1b-de4e-4c1e-9bef-0239a2e9ca40,Cloud Native Buildpacks,CNCF
33e0747c-4ab8-4074-aa90-3b908b3a588e,Cloud Native Buildpacks,CNCF
2c5ced86-d23b-41f5-aec3-59730e29f092,Cloud Native Buildpacks,CNCF
955a5956-de58-44ea-8760-d606feb82165,Copacetic,CNCF
beb3a680-3f78-4716-b072-7f547cf417ab,Coredns,CNCF
dd10bf62-53d1-4a96-bea2-65bbb78bd10e,Coredns,CNCF
184ccb3e-6abe-4bf9-9659-b42b5c07c5a5,Cortex,CNCF
0071e2ff-f538-4817-978b-07b267cfcd6a,Cortex,CNCF
820f9269-ddef-44e9-bf77-95a8d2444c1e,Cortex,CNCF
fe5c060e-420b-4c0f-90ae-389d893c50b6,Cortex,CNCF
2e2239cf-2964-434f-a5c9-676b857fc29a,Crossplane,CNCF
c6e63427-09d9-42e5-b2af-c9c66e57881a,Crossplane,CNCF
87e81040-eb5e-4628-babd-820ef23cd261,Crossplane,CNCF
06fe8a5b-c3b9-4d12-975f-19f5ec49d006,Crossplane,CNCF
ef552046-cf54-4fe1-ac31-0a1014210e15,Devfile,CNCF
8b4aeab0-f891-4a67-a510-61393ca38520,Devfile,CNCF
3feec75a-3d80-476a-83ab-89ee90f48aad,Devfile,CNCF
2b752e3d-d55b-40de-a702-13b88aff974a,Envoy Gateway,CNCF
408607a5-22a7-469e-ba9b-773e8fb06ace,Envoy Gateway,CNCF
44020e81-1218-49aa-95e0-ee3e03998eb3,Envoy Gateway,CNCF
61486d56-9b28-42db-9e61-7a74b846cc15,Flux,CNCF
7e8cb88a-5b37-471c-8db8-e11907b5a661,Harbor,CNCF
8654848d-1233-4e9f-8ed6-559af0ea8298,Harbor,CNCF
a8a71ad1-4a1b-422e-9928-01c153ac2daf,Harbor,CNCF
11beb7c5-02b3-4f33-9dc5-3480a43b0869,Harbor,CNCF
769b7e87-f2f5-4532-b247-392b1897ea50,Harbor,CNCF
4a96c735-6480-4464-8b33-4f9c58ba1005,Harbor,CNCF
31d2e818-5ce1-4f87-aba1-a8b2f71a0e01,Harbor,CNCF
93a94aec-8026-4587-b840-52c96ab25020,Harbor,CNCF
ed963c1b-6697-4b3f-bef6-578cd9722f47,Harbor,CNCF
ff3431c0-3cb1-4c07-bd10-21a8e495c897,Harbor,CNCF
7ea4c506-c830-4a15-be4a-600d2dfe3f44,Harbor,CNCF
49749be9-5a67-4b2b-9312-7def13ae98b8,Harbor,CNCF
992fc67e-ff9e-41fd-8062-28ec8733903f,Headlamp,CNCF
d961bfc7-00e1-4c05-bf1a-f9c7ddf1756a,Headlamp,CNCF
ceebb991-978f-4782-8435-195637f433aa,Headlamp,CNCF
42dd5a60-47f9-4f7c-b895-49ce6c81a59a,Inspektor Gadget,CNCF
c7ba30b5-625d-4086-ad09-c60071e01a8c,Inspektor Gadget,CNCF
c99b5a1f-a1e8-4a9c-93f1-3ee965dabbae,Inspektor Gadget,CNCF
d3a1a899-1ca0-4e10-a402-01ef6fde26f2,Inspektor Gadget,CNCF
a6d66c40-3d12-4fa4-88bf-18574f6b4ec0,Inspektor Gadget,CNCF
7fdda09c-0eb8-466b-9fdf-e4b3c6a1d5b3,Inspektor Gadget,CNCF
f016029e-f15f-4ee9-aaf5-5719bee72b59,Inspektor Gadget,CNCF
a0e8bcc0-5c52-48ec-9959-506ce27ad46e,Inspektor Gadget,CNCF
89ee4357-dd58-4e15-a601-c411742a587c,Istio,CNCF
a8165dc1-fb52-40ca-bd1f-862a5176df98,Istio,CNCF
bbebd511-1a3e-4c4f-b106-2f09690825c5,Istio,CNCF
263ef898-ac07-49d7-9aff-ebd319159163,Istio,CNCF
2fe99eb2-abc3-454f-b80a-ffd336fa2788,Istio,CNCF
9b1a1e87-2757-4f4f-aa58-49d55fc07b16,Istio,CNCF
37cf2714-668d-4014-ac44-953f70f9dc8e,Jaeger,CNCF
1e67c90b-de3e-4c4e-a2be-a5583a948864,Jaeger,CNCF
0fc6c44b-5ddf-467f-8016-72cc35b4e3ff,Jaeger,CNCF
330c6397-06ed-481c-8c86-13fdcbce3896,Jaeger,CNCF
f15ad171-503c-41ae-b573-1e3088312dba,Jaeger,CNCF
6c6181c6-030a-4053-af29-18f09e5e2c4f,Jaeger,CNCF
077f3bec-e3d3-41f7-a527-655c62661f80,Jaeger,CNCF
bd752f55-9080-4826-af09-ad86d3614ab2,Jaeger,CNCF
574c4759-09fa-468d-9cfd-4fbb0fb98c09,Jaeger,CNCF
66aaa053-e7b1-4682-a285-73ce66420f86,Jaeger,CNCF
00e78fef-e9a7-4e2c-bf29-e6099ac14b65,Jaeger,CNCF
83cc55fe-b97a-4195-8dd2-cc9aed7e509c,Jaeger,CNCF
b8009398-1252-4f63-82fe-363846ccc11d,Jaeger,CNCF
5ce2b62c-94a9-44e9-95bc-b83a13c0a0e6,Jaeger,CNCF
48ebfb59-eab7-4d22-8373-30a0bbfb12f7,Jaeger,CNCF
57907615-6548-462d-81dc-62c88476f122,K8Sgpt,CNCF
b9fafd6f-194a-48c8-be37-05a644b00b6d,Kcl,CNCF
391edda7-239d-4471-a36a-c03c24e024cb,Kcl,CNCF
dd72885b-3f85-44af-a176-dd04717fb6dc,Kcl,CNCF
09391266-0de5-426b-9e11-ceb4c28202ef,Kcl,CNCF
06b5baee-bdcd-4f5e-9a1a-454191445a01,Kcl,CNCF
012a9fb4-286b-4a76-ad7a-2de644427109,Kcl,CNCF
bf3f9155-df89-481d-ab8e-17c36a1d91da,Kcl,CNCF
6d85e491-332b-4667-9b57-6ec052310494,Kcl,CNCF
47661e9d-d390-45d8-b05e-0fb3a30612f4,Kcl,CNCF
ade2c7db-ce6e-4c9c-bb4d-8a9e6ff1cf17,Kcl,CNCF
ef8e7637-2eb6-4672-8f6c-c9f9f0677da0,Kwok,CNCF
1969ce6c-5468-4842-89a2-06c020bd2ad1,Kwok,CNCF
54940f04-54b8-41ee-94bf-153f977b31e7,Karmada,CNCF
891b4b92-0a78-409e-8b90-dcd58d126225,Karmada,CNCF
9120164b-feef-4a5a-bd2a-d9ac42bb8d4a,Karmada,CNCF
2b3edea5-1f6a-4f6b-a80a-38f5be4ec339,Karmada,CNCF
5af36c01-f146-4092-8920-97322df6589c,Karmada,CNCF
aedf6276-0aff-417c-96a6-ecc94697e378,Karmada,CNCF
4c4ccc69-8a71-4f5e-913f-c3c79f9af9a4,Karmada,CNCF
bcccd290-87c5-4ad1-9360-e6041d51521c,Karmada,CNCF
25122df1-5e92-4d63-9ccc-b0c068237e00,Karmada,CNCF
40b17a86-e470-4406-b7f0-731e689a39f4,Karmada,CNCF
78bd7568-0f36-4648-8a5c-2ba6444ac76a,Karmada,CNCF
1b2c5ff4-d6ea-4ca5-b138-75fce03407b4,Karmada,CNCF
1a732552-02b6-4b69-bbf6-d7ea12354e8d,Karmada,CNCF
74840708-0989-4983-88f6-9f43034ae351,Karmada,CNCF
4fb84d25-bcc0-4190-a233-760ef0b22797,Karmada,CNCF
8d2d522f-8838-4baa-9be4-d13dab30289b,Karmada,CNCF
60b43efd-79e0-457e-989f-d4d59d55d8a6,Karmada,CNCF
6a6e8093-660a-4b6e-8d29-24b8ef70e4f0,Karmada,CNCF
3adb1a6d-73db-44db-8ae8-bf57367e345f,Karmada,CNCF
630a656a-74ee-4494-9467-b10201ae9b20,Keptn,CNCF
54adaade-8537-4150-b4ea-988454615ed7,Keptn,CNCF
e978885c-fe45-48b1-9a67-9cc9ffd68e82,Keptn,CNCF
58b458ba-6be0-4dd9-b194-bfe6f98d2a2c,Kmesh,CNCF
c5dadaed-445e-4a74-825b-3e2f1a8b2be1,Kmesh,CNCF
6269bdd1-1004-465c-bbdc-6a230988c899,Kmesh,CNCF
eba6b385-1293-4192-b2b4-7da3afb74476,Knative Eventing,CNCF
e18d5c08-312d-4fc1-884c-47c676c12c87,Knative,CNCF
707084fe-ea4d-469e-a867-5d0a5e04b7c1,Knative,CNCF
58392ddd-4d5a-491e-9b09-6035aa4c907e,Knative,CNCF
1da7e3d2-b170-4236-a2c6-0fa4b0e792e3,Knative,CNCF
830eb064-cf8a-4a8e-bba3-97d429a6ca79,Knative,CNCF
ac483209-2b08-4f74-aaa5-4ab3203b0677,Knative,CNCF
8493016e-975f-4559-8833-db4c884b2fc5,Konveyor Ai,CNCF
0d392e44-e3ce-4799-8082-35ae48910f24,Konveyor Ai,CNCF
78852896-9785-4156-bb9b-bc3c5cb6ed17,Konveyor,CNCF
989d0ad3-976a-4514-b2fc-34e9e6081567,Konveyor,CNCF
43693b3c-6512-4c0b-ba1b-f9704bfd0991,Konveyor,CNCF
fc06da19-fadd-499f-ae71-3da2caba5aea,Konveyor,CNCF
9976a49b-0aa4-49db-ae71-6180f85218ef,Konveyor,CNCF
d8a7022f-8c62-4776-9e7c-4cc12f306177,Konveyor,CNCF
f304369d-62eb-40e0-b52b-630276bf4000,Konveyor,CNCF
6d457c37-68cb-4d52-b9d6-798b09350255,Konveyor,CNCF
06986e04-9b64-411f-b7f4-35fec6a70d03,Konveyor,CNCF
b9aad4e2-d9c7-405e-8482-5aced0a4ecdb,Konveyor,CNCF
c2b5f721-2666-4d9e-85d6-7bedae27e144,Konveyor,CNCF
ec286a9e-e48d-4c83-a991-9c79a4ec213a,Konveyor,CNCF
d61e1b05-2a4f-432d-b715-57c818b3e120,Kubearmor,CNCF
369f081d-398e-4ce8-b645-e9605b62326a,Kubearmor,CNCF
a604ba9c-565d-4e8c-aed2-dcd4ebedc85d,Kubearmor,CNCF
eba8fbf7-848b-4d69-8b0e-b6852acc7755,Kubearmor,CNCF
aebb67b1-c918-4eee-8c25-df0cf7e38bee,Kubearmor,CNCF
cfa22331-36f3-4d20-abf0-667a31fd2ba8,Kubearmor,CNCF
53d7c0da-f066-486a-a9cb-c2da55e42375,Kubearmor,CNCF
91bd7201-e83f-444c-9157-f82f4c56d060,Kubearmor,CNCF
a6a22ae5-856d-472f-9a11-17a2375b86ba,Kubearmor,CNCF
a0696db8-509e-44ff-ae61-82a3442853c1,Kubearmor,CNCF
0ece2baf-071b-4155-b1e8-696fbe58e991,Kubearmor,CNCF
08d245cb-001f-4292-90eb-e8895189c77a,Kubearmor,CNCF
87d64083-e1fa-4aa4-a828-ca24e5ae96b3,Kubearmor,CNCF
5f7ef24a-a57b-477d-940f-9989f1bec481,Kubearmor,CNCF
b7accea9-22bc-44e7-bac0-2f7b986fa626,Kubearmor,CNCF
c693a6b1-d034-4140-8aba-dfe02fbef48a,Kubearmor,CNCF
af03f76c-6253-4efc-b26b-17c522794813,Kubearmor,CNCF
a91eab39-88b3-4a42-82bf-2bd963772acb,Kubearmor,CNCF
3cc962b4-cd8b-46ea-9c77-83304145fd51,Kubearmor,CNCF
81f0d863-30ca-43b5-a368-fd422ec681a6,Kubearmor,CNCF
12dda5ae-a123-4e2a-985c-13d33f8a25f0,Kubeedge,CNCF
b36e22c3-ff66-46b8-9422-510c86f1e3c3,Kubeedge,CNCF
bfa8251f-a975-4e07-8e7a-915df3518551,Kubeedge,CNCF
576c6710-942b-41cc-9e51-113c1957fc02,Kubeedge,CNCF
89fe7f6c-052b-4597-9ba3-c016858b1835,Kubeedge,CNCF
3d992848-6dfe-4760-8b30-6a2cd4a5895d,Kubeedge,CNCF
4d9d8e17-8484-4c3e-9210-bb911633f57c,Kubeedge,CNCF
e3fc44d9-9ddd-42e6-a9be-8f6c2a114672,Kubeedge,CNCF
1f58cbe5-fe3a-4d0f-9875-b1725ecac223,Kubeedge,CNCF
8961c0b4-0e34-43be-9022-384a4847f5d3,Kubeedge,CNCF
a85be883-5139-4e69-8859-6662f7ffd71d,Kubeedge,CNCF
267cdecd-8ab9-43ab-be0e-ccf70ae1c023,Kubeedge,CNCF
49fa6dab-9cb5-4889-bbeb-66c4a5545f8f,Kubeedge,CNCF
fc674c5f-3429-4591-9cae-8f58d347560f,Kubeedge,CNCF
174db042-047a-4036-a523-1598fa386325,Kubeedge,CNCF
94e63e48-4b72-4135-b7ca-84687d6f731e,Kubeedge,CNCF
16217666-64ec-45e7-842b-9df5ceb07382,Kubeedge,CNCF
0add127b-8504-4940-97ac-ad989f58e109,Kubeedge,CNCF
ea773daf-d755-46ec-a80c-1eb5f8bbaf16,Kubeedge,CNCF
83b6042d-25e9-4e02-b9b7-e17e7f6fbf1b,Kubeedge,CNCF
d5d315c7-aaee-46ee-895e-a0f9e6ffed4b,Kubeedge,CNCF
a50fec46-7bc6-4fa0-ba84-848f0c136b5c,Kubeedge,CNCF
0cf43d24-c7f3-4792-81c9-bff4aa01a96e,Kubeedge,CNCF
198a9ab4-1f6b-4db5-8e0a-404486235089,Kubeedge,CNCF
8c7c6769-edea-4ecd-8fb4-53aa1dacb070,Kubeedge,CNCF
36bfe273-9059-47e0-88f7-afb38b2d9ebb,Kubeedge,CNCF
8bbb76e3-07e5-404d-9335-28cc0d8ecf0c,Kubestellar,CNCF
d9f46954-3b56-4e42-b83c-dd3dee2b8b6d,Kubestellar,CNCF
885239e6-6a95-410f-9aae-00fd8b4c5f09,Kubestellar,CNCF
e549191d-6880-4a98-8fd2-ec5fc47ecc92,Kubestellar,CNCF
b3805d32-03c4-4d5f-b56e-613ac24629c1,Kubestellar,CNCF
682ea527-4a16-4310-b104-aa00a15d1786,Kubernetes,CNCF
1db3f29c-30cb-4018-82c9-63b135caa6d5,Kubernetes,CNCF
0e4c9797-2dc5-4621-b46a-f1b7371a2495,Kubernetes,CNCF
22b0ef86-d390-4ea2-b302-79e819dcbdfc,Kubernetes,CNCF
51cb21c9-62eb-4e1c-9897-08e554a78b32,Kubernetes,CNCF
a06b291e-6cab-4506-8d32-2d15264e48dc,Kubernetes,CNCF
0fd19dde-0990-4987-9ab3-2fe9b2ce26b2,Kubernetes,CNCF
ce535d43-16a5-4db8-a048-2f56327b7939,Kubernetes,CNCF
47f53d22-ff5c-4479-b701-3ca3dbc7df0a,Kubernetes,CNCF
2d76dbe6-43eb-465e-a852-64b2e48f2c68,Kubernetes,CNCF
55469b74-0c98-44f1-b8e1-4244a736bf82,Kubernetes,CNCF
e799bb33-a695-420b-af32-e596938c6960,Kubernetes,CNCF
9e7f18e3-68ee-44f8-ac74-55e802fce8e3,Kubernetes,CNCF
fcf265aa-57d4-4ec4-aa2d-365ca2d97349,Kubernetes,CNCF
b17b4e21-0c42-4418-91a0-2db3579ffb52,Kubernetes,CNCF
b846284b-76e6-45f1-85da-cd36b9bb489e,Kubescape,CNCF
1e20bf55-4bcf-40ef-afee-d2b73948cd79,Kubescape,CNCF
271852c6-3348-4ec7-bf09-035913b1c86e,Kubescape,CNCF
570b1bba-206d-47ac-9667-22268ff7a6d9,Kubescape,CNCF
db63c23a-2b41-40e0-a833-cf0e2c33c739,Kubescape,CNCF
8c701687-7cde-42fc-8195-08d35fdb5ee8,Kubescape,CNCF
138e9cac-ec86-43cb-a04f-c2980e3c2865,Kubescape,CNCF
1a6a7aaf-7436-431b-9131-9422e4b2fb71,Kubescape,CNCF
ccd3fc5f-a0a9-441f-bd4c-5caae8ab6509,Kubescape,CNCF
fbaf3d52-77ee-469c-8eb4-3e0378896159,Kubescape,CNCF
b97b2f2d-4dbd-45f5-9121-0e865aa6dfd9,Kubevela,CNCF
4ac88eda-21e8-4b15-97dd-1cd3caa045c5,Kubevela,CNCF
d4cca618-f091-415e-a74d-bb11267795e7,Kubevela,CNCF
21c95d53-dd75-4a2f-a8fd-92374c54940d,Kubevela,CNCF
51398c19-87c2-4b50-9dd3-760fbd820688,Kubevela,CNCF
2a182d3b-f5cd-4ca7-9ede-4e8b5158c6a2,Kubevela,CNCF
85f61cae-02d7-4931-8d87-d3da3128060e,Kubevela,CNCF
e8c0d16a-c263-4a6c-bce7-0b896c925a52,Kubevela,CNCF
acfbadbd-46c2-4647-a489-0db80c709740,Kubevela,CNCF
ddc368b7-1e24-42ed-9e30-02abdf6fcd33,Kubewarden,CNCF
9b8a3840-1355-4301-894b-7271c597f0cf,Kubewarden,CNCF
bf31f5d2-21a3-4dc4-bd85-c23f9088bad3,Kuma,CNCF
c70ff3c2-f145-4396-bc48-559a03000a3c,Kuma,CNCF
f502b839-a804-4a6c-8da5-3985ce25883e,Kyverno,CNCF
2d65b3c2-bf6c-4290-bb9b-4edf181a4d97,Kyverno,CNCF
0e385057-2c8f-48b2-8ff9-b4244870c10c,Kyverno,CNCF
d9683d35-0ad4-4c32-b32d-f058d37cf94f,Kyverno,CNCF
4689c5fa-165e-4015-ad21-951d9babcb7e,Kyverno,CNCF
6d3ce005-6d61-48ad-a50c-00e3bed91c29,Kyverno,CNCF
0f2bbc4b-6caa-42fa-a697-d20c1e89ca09,Kyverno,CNCF
521122b6-aed0-475d-93de-fb2cbfff85d2,Kyverno,CNCF
25e0fa72-8260-4c6f-819b-d87b865e58f2,Kyverno,CNCF
6b79b7b7-7f30-4891-bdb1-5798ea207bef,Kyverno,CNCF
0e34db3f-99c3-471d-a114-e3c89f57eab5,Kyverno,CNCF
bb0ff695-3d54-4ce2-b93c-3ab92842b3ee,Kyverno,CNCF
d145fd38-b533-49a8-9b02-60220f9f618c,Kyverno,CNCF
523735c3-9cb9-466f-977b-5719635a5ce7,Kyverno,CNCF
a00294be-06a0-4e66-a2a5-6e2dfb3a097c,Kyverno,CNCF
85ebe560-e9ee-42fe-9dff-f8dc6a11ef27,Kyverno,CNCF
56bf0ae9-a919-42df-bd0e-e3d6910cbeef,Kyverno,CNCF
919e8b57-8fc1-4f61-8bc8-3c8b06dd5e7a,Kyverno,CNCF
457cabc9-90d3-4519-bfad-92966501dbd4,Kyverno,CNCF
e0124d13-1a8e-4dd9-a77e-d6de227d5163,Kyverno,CNCF
5da34595-8dd2-4045-a77d-e86d4c64fbc3,Kyverno,CNCF
e5ef8032-3dd3-44c3-8746-620f4f678d60,Kyverno,CNCF
e01ba557-af88-4716-8efe-398ce31a6fb2,Kyverno,CNCF
9ac41a72-62f4-48e9-8630-5f9be261e2bf,Kyverno,CNCF
1db4df12-49f2-467e-93c2-1625e462eb20,Kyverno,CNCF
e5da551f-8a3d-42ec-8c00-e9ae10a86aa2,Kyverno,CNCF
e5515661-956e-49f2-8cef-8e9a14d52052,Kyverno,CNCF
59afc794-c33e-4930-a5b8-eb3abd8d9896,Kyverno,CNCF
a7f754b4-5c8c-48a3-8f5f-b3ff6307b0f4,Kyverno,CNCF
0eb98f34-bfd8-4ba1-b9e5-47fc67b6fd41,Kyverno,CNCF
7ffb0f63-e1e4-477b-ab0c-a69cb681f112,Kyverno,CNCF
5632d7c3-a383-4e31-816a-7b38d89a327f,Kyverno,CNCF
59295005-33de-4665-82b5-d315d108da31,Kyverno,CNCF
8b8276b1-cb02-48e5-885b-31c59592ee1b,Kyverno,CNCF
e2d82cb0-f150-4a25-b96d-8fd4d255fd96,Kyverno,CNCF
fdaeb9be-5863-4cfa-937d-b5f1fc044f40,Kyverno,CNCF
cabb007c-5669-4b16-8778-36d995a71591,Kyverno,CNCF
e4be265d-fa05-46b7-8fad-2585b6a76082,Kyverno,CNCF
f1041093-65f3-4169-8c70-187a0f286aa4,Kyverno,CNCF
5eb8e708-86e6-4650-b5ed-1614f1cbfc0e,Kyverno,CNCF
e1ff5120-32e4-44a8-a1be-4e0717ef9ad6,Linkerd,CNCF
0dd36ed5-4c92-4fb3-b809-bb614261a199,Linkerd,CNCF
ce8883ce-9e32-4337-8fe0-5c51fed758e4,Linkerd,CNCF
d9968740-faa6-4f6a-a943-dc9f427fd81c,Litmuschaos,CNCF
445a6158-3ba7-429e-b0e1-f7417ff9a724,Litmuschaos,CNCF
0b526c4c-a8ed-4a81-a3f1-1c6ebf328977,Litmuschaos,CNCF
b86dbdc2-6bef-41f1-9fc4-c0a354ef3702,Litmuschaos,CNCF
8e9537fe-fdea-4f92-941d-e86d2fcb48ba,Litmuschaos,CNCF
bd6e875a-a64c-4405-af1c-677d8c45014b,Litmuschaos,CNCF
983193ea-9cca-405f-baa5-e6ade4df1ba2,Litmuschaos,CNCF
48008595-14d2-4725-a0dc-15d441568bc2,Litmuschaos,CNCF
e9bf62a9-a7f6-41bb-be7a-e16b7a35a58a,Litmuschaos,CNCF
e10bdb01-ef2b-41c5-9a84-6891ecaf6364,Litmuschaos,CNCF
9ac6f8b4-4f76-41d0-b02b-89c79534e619,Litmuschaos,CNCF
237b7300-d749-4f14-bd4c-9375e5ec39b6,Litmuschaos,CNCF
55d8f0a4-86d5-4a90-890b-e8750a27dc60,Litmuschaos,CNCF
a222f58a-08ee-4727-80c8-41c4d6f5a2a9,Litmuschaos,CNCF
fde90e7f-0410-4b84-ad9c-99f7139267ed,Litmuschaos,CNCF
98777e02-dc5b-4380-b6cb-c57603b56e37,Litmuschaos,CNCF
828a5410-6e18-49a8-986e-0ad2dd5ecfa2,Litmuschaos,CNCF
26377c30-9ffd-41e3-bfea-839bf126f8f6,Meshery,CNCF
bb6cf95e-bbdc-4b50-8446-45507c9e5a6a,Meshery,CNCF
cf4de999-41a9-4769-a298-d7d4b208ab3d,Meshery,CNCF
7e3382be-5d82-443e-b0bc-4dcd2194705d,Meshery,CNCF
73202d21-d4ca-4435-9a73-f326c9b3e796,Meshery,CNCF
62f4866e-9461-490d-890d-9f221a3941b4,Meshery,CNCF
a9113576-7216-46a7-bc9a-f922c1c62f8d,Meshery,CNCF
441ebbbd-8084-4e4c-b072-bc78112502ef,Meshery,CNCF
83c60c5f-3e79-4532-8ee6-1266e30d21e0,Meshery,CNCF
abd10fed-e03f-4425-863e-157accfe354f,Meshery,CNCF
4cca92b8-ede6-4396-8d3f-68cfa2ec911c,Meshery,CNCF
ea439582-8c63-498d-9066-dc563ce1172e,Meshery,CNCF
f4a9804f-2e46-42a4-b2ae-ad3ea7b29734,Meshery,CNCF
796982d7-09b9-40b3-94f2-3b32cdcdfbf6,Meshery,CNCF
2ee7a912-e26e-4602-9dfc-4febe3842df3,Meshery,CNCF
bb8ddf84-31d7-4a89-9e4b-e6aa9601c0db,Meshery,CNCF
005db8db-7efe-4433-9605-91d14174c72c,Meshery,CNCF
a61f6cdb-98b4-43c9-8ca2-ea9bb5d5c470,Meshery,CNCF
aff716df-c257-4ead-8b48-39a3f9272b7f,Meshery,CNCF
7ec5139b-fca8-43db-bafc-bdb2faa58047,Meshery,CNCF
8e1ab317-9043-4f29-8b83-9b9ffa2b8b40,Meshery,CNCF
9dc784dd-dbfb-4d60-81ce-4da95e0b48a0,Meshery,CNCF
c98d0652-03c1-4409-bf1c-7240a4947d39,Meshery,CNCF
7592d7db-5517-445b-95e8-14144c49e9b1,Meshery,CNCF
9faff011-1027-49c0-aa37-8d5be7208d6f,Meshery,CNCF
1d6304a1-12a5-449a-8fd3-436be9756b09,Meshery,CNCF
da75a8fa-0174-47f2-a5be-0a31c62b053f,Meshery,CNCF
1b766ba2-3de6-4eb4-8e0d-f79105b000b0,Microcks,CNCF
04da9d38-b9f8-435f-9200-8359f55ccf92,Microcks,CNCF
6b4c516d-fc01-4ab3-8147-13273fcde76b,Microcks,CNCF
0c667baa-94bf-405c-ada6-c2bea3bf3e56,Microcks,CNCF
7ceac2ef-6290-4e2a-87aa-db93d909b27b,Microcks,CNCF
51c0d803-95ea-48c1-b966-5946b8599662,Microcks,CNCF
faccb875-1d96-44f5-aef7-95c53403d636,Microcks,CNCF
127da817-037b-4225-83a6-3a3eeea8b421,Nats,CNCF
06774504-da91-469e-89f9-14fb18b6e0d8,Notary,CNCF
007ca3e9-c121-4428-8e63-57bc0418e98a,Notary,CNCF
9710c834-913d-487d-9ebf-8205cdf48ab4,Notary,CNCF
9749bc0a-04c9-498d-a16c-e66c0930e819,Oras,CNCF
5d331c88-fc2d-4635-a92c-5d25fb42f47d,Oras,CNCF
7f633ade-64f5-477c-bcbe-7b6693329c63,Oras,CNCF
2314fcc1-f09b-4dab-90fb-d0ef092b6c0e,Oras,CNCF
d797e3e7-a036-4aa1-831a-fd06b00ed316,Openebs,CNCF
927caaff-2278-4c56-92f5-4b22d0e2c24f,Openebs,CNCF
ca619db0-1b2d-4fbb-a9a7-d4d24c4340c3,Openebs,CNCF
35b9d57a-fc2c-4b49-a5b3-9a5cf74af66c,Openebs,CNCF
7cd6af42-6f86-4a77-a077-304dc7d82134,Openebs,CNCF
64e3add3-060b-4ffa-9408-1289e2f2fdc5,Openebs,CNCF
947885e1-6b32-4b3c-85cb-955cb617237e,Openelb,CNCF
b97a815b-6900-4a3e-a4af-7460551f933c,Openelb,CNCF
d3a1507a-b132-4c7c-aead-dfe78fd34eb8,Openkruise,CNCF
4d241a4b-e568-4033-8f08-72b0cac60311,Openkruise,CNCF
3967228d-75a7-4963-b092-f2e92fcd57c8,Openkruise,CNCF
82bfa5b9-67a9-41ce-ba8b-f027cda4521e,Openkruise,CNCF
f603a2e7-9af2-40b2-a74f-109cad843de1,Openkruise,CNCF
9e0f01ab-615f-44ed-b65b-0f1296037a48,Openkruise,CNCF
766ae869-a807-470c-aec2-e63ead04e0e2,Openkruise,CNCF
8c1ba948-5237-4bae-9dd2-ee9580b5a018,Prometheus,CNCF
b9a0e569-0f73-40dc-94d2-8dc3d376dbc6,Prometheus,CNCF
47603a7d-4dc7-48f0-968f-21c2f18f4e3c,Prometheus,CNCF
454caa5a-6fd5-4e27-bde4-7649abf6d8ca,Prometheus,CNCF
0462446f-aeea-4a19-9bd6-f4241ee5e8f2,Prometheus,CNCF
3fa26f90-87aa-46a4-80f9-00195ae276e8,Prometheus,CNCF
36e3f336-ce78-4074-b833-012015eb59be,Prometheus,CNCF
5c4a200d-b81e-4332-bea6-50120fbf28b4,Spiffe/Spire,CNCF
8c85a570-d5bf-4fc8-a2a8-1325010e528d,Sample Project,CNCF
8b542e66-e8e7-44fa-bb64-4ef88f815eb1,Service Mesh Interface,CNCF
74cd9106-ed71-427c-a4ec-1dafe39a73c9,Service Mesh Interface,CNCF
9959277e-eefc-4c88-83b6-e8c4b011d557,Service Mesh Performance,CNCF
2597fc3d-eb2c-411f-b02d-940c8347328d,Service Mesh Performance,CNCF
f0add302-47e2-4918-ba86-7a3570b3540c,Service Mesh Performance,CNCF
2c4510d6-7b73-4082-a3f4-209f61767263,Service Mesh Performance,CNCF
c605139b-8736-477a-835a-c6b45112bee4,Service Mesh Performance,CNCF
2ba7b837-6385-46d7-9bdd-f8f5d4d570c5,Service Mesh Performance,CNCF
bad94872-bd61-4960-915a-ea1945ddd15c,Service Mesh Performance,CNCF
4735d0fa-229f-43e7-9415-dff9220bf687,Service Mesh Performance,CNCF
cf992af8-6102-4c2d-8394-c3462112e39f,Service Mesh Performance,CNCF
8d301adf-94d8-4e5d-821d-f904ed15c3f9,Strimzi,CNCF
2f5582f4-6cfa-41af-88d2-2bfdd8768756,Tag Contributor Strategy,CNCF
632ab03f-a970-44ce-b451-fac0a7349f71,Tag Contributor Strategy,CNCF
df449a23-ac20-4ee9-8a2c-e0e5d08ba727,Tag Network And Observability,CNCF
5c1b69c5-2315-4ec2-8883-7d59f1650a11,Tag Network,CNCF
bec63054-bc32-4444-b6c5-2b427f527e16,Tag Network,CNCF
1e9ac76e-0434-45fc-8137-fc5698f29cd0,Tag Network,CNCF
9a276131-1dd9-4816-8518-3da2ce9b6fb1,Tag Network,CNCF
1a620529-f2be-4a6f-8b4d-0562731cb840,Tag Network,CNCF
e35f28f9-f333-47a8-a76a-119567cf10ca,Tuf,CNCF
ea1a5098-29ce-4799-82e0-07416ab4b56a,Tuf,CNCF
ca622980-cc8c-4f18-8a74-b9a7b4b49e3a,Testgrid,CNCF
05b3d261-f874-4b8c-bd7e-c4fa83c979b4,Thanos Compactor,CNCF
ea9d68a3-7201-4395-a6bc-66ccd939f9ee,Thanos,CNCF
4c06915e-8e72-4321-95c5-ed0ee9428a32,Thanos,CNCF
a0958ddf-1fd6-4c8e-887f-adb28639a9f4,Thanos,CNCF
541a5bb5-09fd-47a9-a244-a65386aa7f7c,Thanos,CNCF
d58c0d26-e276-4ca5-b2ca-21e6582fbcf7,Thanos,CNCF
1953e512-fa8c-4f0e-9b24-0e6c81a7cd39,Thanos,CNCF
5a96f43c-d858-40c2-b556-2770ba6b03d4,Thanos,CNCF
de2d206e-32cc-45da-bc5a-1fbc7bc1f5c8,Thanos,CNCF
32c7f43b-b580-4236-bc8f-dd934a6ea940,Thanos,CNCF
328fcf60-0dd2-425d-93a4-06046e4166fb,Thanos,CNCF
a04cfbe4-4dde-4c7e-8b70-9570639b48a7,Thanos,CNCF
3d6d3534-24e9-4261-9b91-7de3d78554f7,Thanos,CNCF
dbce5279-d029-46f3-b117-9e9dd7f84bd6,Thanos,CNCF
9920021d-11d2-4c7b-9534-c13e1b5660cc,Thanos,CNCF
f0bb4ba5-e7e9-4678-8cd1-75f7a7977381,Tikv,CNCF
1417be44-d2e2-4cdd-8ba7-9de70b87e1a2,Tikv,CNCF
e2496a2f-3068-4f1f-b22a-850f1081d126,Tremor,CNCF
87b2f82c-0783-4962-8931-70e76fd4e93d,Tremor,CNCF
b90f7174-fc53-40bc-b9e2-9905f88c38ff,Tremor,CNCF
187dd140-0a0b-44f0-b5b8-23910692c1cf,Tremor,CNCF
4e30e06e-1e2e-4f0b-b618-834599446c0c,Tremor,CNCF
1218d516-45af-46a3-977b-e5a9de818cec,Tremor,CNCF
04fda726-ab2a-4111-aaf2-3ec7b95771e5,Tremor,CNCF
8e429646-09ee-4579-8ed8-0acae0a53d9c,Tremor,CNCF
8e98bdb5-a131-4298-a195-31962d1a8564,Tremor,CNCF
bc94a28d-ca38-4df1-9a19-7bee42efa08c,Vitess,CNCF
759a56fe-5e07-4078-9ad9-165ae85a0939,Vitess,CNCF
75533c12-1487-40b0-858c-42babeabf782,Vitess,CNCF
d338ee93-e767-4f44-a0ea-02dbf803a55a,Vitess,CNCF
51f85b18-1184-443c-9e9a-5f00d9cd5040,Vitess,CNCF
57c710e5-4498-48f1-a2ab-b920183b4982,Vitess,CNCF
1e395914-9adb-4254-a02d-08e6e03e3b93,Vitess,CNCF
10d70edd-60ec-409b-8801-0fb752501b12,Vitess,CNCF
077e714c-63ad-477d-8124-e879a7ea8fe2,Vitess,CNCF
2bb1bdc0-3fd7-4537-b44f-9afde27ed9fe,Vitess,CNCF
b903d812-c3ff-47bf-8626-0b9274fec742,Vitess,CNCF
efed074b-3c68-4337-90ab-2a3f2d15c836,Vitess,CNCF
29ec853c-3ab9-4457-ac91-d273fa073d49,Vitess,CNCF
cba8a6c6-4b09-4618-98f7-bf24391e8c9e,Vitess,CNCF
8299d27a-9e36-4de6-abbc-c9282634ee03,Vitess,CNCF
757e329b-0083-4720-bd96-8bbbd6a7aeb3,Volcano,CNCF
2ceeee35-a85d-4768-9f22-d22838e27cd5,Volcano,CNCF
ffbb6bb3-b9d1-4e96-9f72-4a0566f6b0c3,Volcano,CNCF
607246c3-f48b-446c-a7cc-10c0068c553f,Volcano,CNCF
2fa8d7b8-01fa-4375-b3a8-1b626348fedd,Volcano,CNCF
4dc62372-c04f-432f-847c-2cddd2cf786a,Volcano,CNCF
c6dff087-9b4d-4ff5-865d-abd876974534,Volcano,CNCF
d5a09dfc-c4cc-4733-8c4c-ff3aab2e3688,Volcano,CNCF
9f0d56c0-9781-4912-988f-86443b0dd161,Volcano,CNCF
2d07fac8-9206-4299-a9fe-a55f366a38f3,Volcano,CNCF
02972292-469d-431a-96be-149a04ea2746,Volcano,CNCF
79b69ae1-0ce4-46a6-affe-6338022ff40a,Volcano,CNCF
438c1fec-d3d3-4ab0-82ce-499993f8b681,Volcano,CNCF
8d1c8ff1-24da-4839-9072-3a6070eeb482,Volcano,CNCF
3c2d290a-6e93-4185-88f5-56736365fe85,Volcano,CNCF
132a4971-6969-4ca6-a695-783ece3ac768,Volcano,CNCF
a785c059-fb70-41aa-88a2-62692ab2ca98,Volcano,CNCF
e4e6d486-e6df-475d-8074-a363d0361076,Wasmedge,CNCF
55c226fe-d119-4b2c-aba0-e7415867f6e5,Wasmedge,CNCF
5ba528fe-9704-4e11-b46d-607a5ad1e838,Wasmedge,CNCF
75feef58-e372-4797-846a-c6a5d6087a19,Wasmedge,CNCF
0a4e08a1-3404-46fc-b0d0-5117ec4ec119,Wasmedge,CNCF
7909e713-a081-49d9-b14e-4ee5a36e0e97,Wasmedge,CNCF
d52d172e-598d-4817-be97-3338d5b96432,Wasmedge,CNCF
824beced-74a9-4b65-9db3-c20589b9d0f6,Wasmedge,CNCF
79119ceb-7c52-4b9f-b1f2-694b9d1117e3,Wasmedge,CNCF
97f77900-7f5c-45e4-9b0c-638c2db6a8e4,Wasmedge,CNCF
626ca1e4-9869-4401-8e45-68041ebc98cf,Wasmedge,CNCF
4fe23ece-633c-488a-93a4-0501cae5a6f5,Wasmedge,CNCF
395d3659-e7c2-413f-8f95-42d079c9d0bc,Wasmedge,CNCF
16b35930-5b29-43af-b02c-cdf851069c85,Wasmedge,CNCF
a5c2cc3e-a8fe-4fcb-b74f-be74b65a6385,Wasmedge,CNCF
4853174a-267d-4cd4-a62d-6e68d0c338b1,Wasmedge,CNCF
17fc622c-5674-4381-b597-2f49409fda01,Wasmedge,CNCF
d01efa41-87a7-4f34-adfe-63c7bab7c1ca,Wasmedge,CNCF
4a8a4f26-0ca9-4517-8cce-582c92092e33,Wasmedge,CNCF
484542b0-84d6-43e3-b3fe-16fb2624f1b2,Wasmedge,CNCF
232a19f2-40de-4dfa-8966-2c1586bc6ecc,Wasmedge,CNCF
884ff3f2-3ea3-4010-8928-ca27bbae219a,Wasmedge,CNCF
2d95e888-ef43-4710-b505-56b3682d5741,Wasmedge,CNCF
90e18b5c-0ac5-4b24-aa06-ca7affc4da7e,Wasmedge,CNCF
9101857e-88c7-4fd9-b166-a18cf698003a,Wasmedge,CNCF
61014739-ac16-4188-bdab-c87c0a502470,Wasmedge,CNCF
da1162c6-2aaf-496f-9f23-a96a3e52c277,Wasmedge,CNCF
2ebb39fd-3497-44f3-90d7-e95b444b2bc8,Wasmedge,CNCF
c96de5c4-e1c3-4a02-a18a-65507d1cb675,Wasmedge,CNCF
1d5d1fcd-b671-4367-b6db-13ef263aece1,Wasmedge,CNCF
74cecdf7-e886-4830-8bb0-7814f0d1aa2d,Wasmedge,CNCF
abfb7093-b057-40da-8be1-c67bd8839698,In-Toto,CNCF
34314eb1-0fc3-4802-ab04-2265418c2e48,In-Toto,CNCF
fd34fe37-e736-47bb-b0d5-54a2a0d9875a,In-Toto,CNCF
9ddced83-279c-460d-869a-3f92e9c98c2c,Cncf,CNCF
de95a031-903b-4129-b34f-f39611fd176c,Cncf,CNCF
94852601-29c2-480a-9f26-8a2c850e1d66,Cobol Modernization,Linux Foundation
1866546e-6945-4388-bbdc-76a6e6570c23,Cobol Programming Course Updates,Linux Foundation
6ebebb1c-11f2-43e1-a9ce-14eb8513d1a0,Cache Architecture Between Gowin'S Risc-V Processor Ip Cores And Gowin'S Embedded Psram Controller I,Linux Foundation
a6d039f1-dd0b-4de9-8856-1e4da596b293,Cloud-Native O-Ran,Linux Foundation
450c99f1-edd7-49bc-8a3f-e27c0cd0377d,Cloudforet Nhn Cloud Plugin Development - Unpaid 2024 Mentorship Program,Linux Foundation
2906237a-5d0f-48b4-90a1-cb8ad0fd0d25,Cloudforet Plugin Development - Unpaid 2023 Mentorship Program,Linux Foundation
45320aba-558a-4660-ab0a-0770f06b856a,Compressed Instructions For Serv,Linux Foundation
6705be57-130f-43f5-ba80-11605ffdb1f9,Coredns,Linux Foundation
38bb5e81-2bca-42f5-b31d-3bcd2da732d3,Cortex,Linux Foundation
d55dab3b-6a0c-4b80-8534-207337ce3c9b,Developing Risc-V With Next Generation Arithmetic  Capabilities,Linux Foundation
6a442970-08e6-4fc5-a9e9-4e8af8741e64,Kubernetes,CNCF
b96ed4f4-a4e4-477a-abbf-156f417f933e,Environmentally Sensitive Growth Module And Online Courses For Forest Greenhouse Gas Estimates,Linux Foundation
872be524-7465-4639-be88-1b451c581826,Envoy,Linux Foundation
d158a68c-a48d-44b5-885d-f33551348209,Expose And Manage Pci Device Reset,Linux Foundation
75ebb813-9588-4b60-9fe1-258d90788220,Feature Optimizations For Riscv-Ctg  And Riscv-Isac (Riscv Isa Coverag,Linux Foundation
d24ab158-e4e5-4042-91ad-b30ae52941d2,Fluentd,Linux Foundation
4e97be2e-271c-445b-8c5d-a59ac85d35fb,Genevaers Demo System,Linux Foundation
beb4e3a7-fe94-4486-bda2-91c9da5609f2,Hardware Abstraction Layer Transitional Library For Software To Hardware Posits For Risc-V,Linux Foundation
caa4fbba-a157-4d03-a0fd-10b432ec1274,Healthcare-Centric Edge-Ai Development On Rvmcu Architecture,Linux Foundation
b282b36d-dbf4-43df-bb67-7626898176b7,Hypereldger - Support Clique For Besu On Hl Labs Baf,Linux Foundation
f3cedb60-dfb8-41ed-a086-7e0f09a22a77,Hyperledger Fabric,LF Decentralized Trust
f1bab2bd-b96d-4ed4-a6ce-8516d0b91a0d,Automated Fault-Tolerant Htlc For Cross-Chain Atomic Asset Exchange,LF Decentralized Trust
0406b090-f367-45fd-bcf4-56be6004d267,Automated Testing For Climate Emissions Ledger,LF Decentralized Trust
9ac44821-a844-4e8c-b6d3-764788d237a3,Automated Gateways Through Smart Contracts,LF Decentralized Trust
e5096c52-8c4a-422a-8514-966619805a34,Hyperledger Fabric,LF Decentralized Trust
e6802f1d-f8c0-453e-8f3a-6ac87594b97d,Blockchain Network Operation In A Decentralized Way,LF Decentralized Trust
22b0d4e9-5e68-40e2-b5c1-8508a146a624,Cacti - Implement Standardized Secure Asset Transfer Protocol,LF Decentralized Trust
2c3dfc7d-1a30-4e7c-98ea-545f8149cb07,Cacti - Ledger Data Sharing With Proof In Besu And Ethereum,LF Decentralized Trust
07d439ac-2c7d-409c-994a-bcb5ede81c2e,Cross-Chain State Modelling And Analysis,LF Decentralized Trust
48010218-ec43-44ea-aafd-d4b92625df22,Drman Utility To Provision And Administer Did Based Verifiable Credential Registries,LF Decentralized Trust
9621a27e-4e49-4868-8f4d-9444674f9b30,Demonstrate Interoperability Using Hyperledger Bevel And Cactus,LF Decentralized Trust
a30e2f43-9f92-4013-b238-952bd97cb8ea,Deploy Carbon Accounting Network With Bevel,LF Decentralized Trust
10f6c86f-993c-47f3-967c-a10a0d386a8f,Design/Development Of A Mini Game To Explore Decentralized Identity & Payments,LF Decentralized Trust
6290c764-ae84-4b1c-aaf7-8a0b3c72bf88,Developer Marketing,LF Decentralized Trust
bd483044-1a95-4dc0-8c27-7d37fb9f22ee,"Document, Review, And Implement Hyperledger Anoncreds Zkp Cryptographic Primitives",LF Decentralized Trust
18b2b8f1-77aa-4c4e-89ff-e1027c55b7ee,Documentation Standards,LF Decentralized Trust
e62df6a8-66ca-4861-8690-7d0398523be6,Documentation And Use Cases For Climate Action,LF Decentralized Trust
cd5508de-1d5b-47a4-b3c8-823e6efee5cb,Ecosystem Analyst,LF Decentralized Trust
320b069b-f8af-4579-9693-4873fee3c91f,Kubernetes,CNCF
8948ec6e-21ce-44db-a317-3a9b5afb98bb,Hyperledger Fabric,LF Decentralized Trust
6be356a9-f851-463c-ad0b-9f1f629cd540,Hyperledger Fabric,LF Decentralized Trust
10894ab0-eab2-4f14-b1b3-5f354410b48f,Explorer User Interface Redesign,LF Decentralized Trust
9abcdd9a-a3fc-417d-a876-ea862c72e594,Extend Existing Iroha - Cactus Integration,LF Decentralized Trust
d2c4a0c3-1a66-4a1f-8595-ac1ef747eb6e,Extend Secure Did Registry For Hyperledger Frameworks On Github/Gitlab,LF Decentralized Trust
880772af-dafe-4721-9182-168827c22843,Hyperledger Fabric,LF Decentralized Trust
b1fb80d6-730a-4fd6-86c2-34365bea8e85,Gvcr,LF Decentralized Trust
0f909209-0e75-48cf-8ab8-e8e6b04e5db0,"Git Commit Signing With Did'S, Part Deux",LF Decentralized Trust
6ddbd86c-8d00-4eee-9f56-6f69c3b3eaa5,Global Scouting Of Dlt / Blockchain Educational Opportunities,LF Decentralized Trust
f004af8d-b69c-4bb1-ba92-105f751c453a,Hyperledger Fabric,LF Decentralized Trust
d155aa68-9ddf-4c83-a4cd-dbc3a563c84d,Hyperledger Fabric,LF Decentralized Trust
495a745c-5ebc-49a7-8eca-fee07a4618ec,Implement A Cli For Node Interactions In Hyperledger Solang,LF Decentralized Trust
51f4fceb-aeb4-490f-a525-4a547112ebaf,Implement Cross Chain Contract Invocation Using 'Servicemesh' Way,LF Decentralized Trust
f3395b50-c968-459b-b93f-5504fde18b25,Implement Iroha-Cpp Library For Hyperledger Iroha 1,LF Decentralized Trust
d48f755f-598d-4b0f-898e-e1390bec48b1,Kubernetes,CNCF
b78003c5-933e-4885-b576-a0eb55e65b49,Improve User Experience From Getting Started To Continuous Engagement,LF Decentralized Trust
06a25b14-a56e-4294-a89d-05f1dc74106c,Iroha 1,LF Decentralized Trust
cda1496b-0c36-4c1b-98b5-dee5d95f494a,Iroha 2 Dsl,LF Decentralized Trust
8a6b5853-369c-48e6-9445-98520a8c28dc,Iroha 2 Ffi Client Library Bindings,LF Decentralized Trust
24e1907b-c8e0-488c-aa24-1fbddb9df886,Iroha 2 Blockchain Explorer Update,LF Decentralized Trust
2de90ff3-3eea-4f47-b3c7-a452338fb33c,Learning Tokens,LF Decentralized Trust
b9c6ef64-25f2-4be2-94ef-76e8ae7c768e,Learning Tokens @ Hyperledger Besu,LF Decentralized Trust
239f8808-d7de-4a80-a6b6-becc18ab7980,Make Solidity Language Server Functional,LF Decentralized Trust
79ce0bff-4a7c-4377-8d14-b0a347346f9c,Hyperledger Fabric,LF Decentralized Trust
6904ed62-2022-4451-bbc7-6bc0f940586f,Onboarding Mentor And Mentee Program,LF Decentralized Trust
b82f2b67-e509-469f-ad2d-e465053dcdbf,Hyperledger Fabric,LF Decentralized Trust
98abee3b-13e0-44b3-b9a4-fae5d34bb075,Optimising Pipelines Using Github Actions For Caliper And Caliper-Benchmarks,LF Decentralized Trust
fb6dcba3-7359-49f0-96f1-7d2ce4dea3ac,Performance Analysis And Benchmarking Of Besu Using Caliper With Complex Workloads,LF Decentralized Trust
1ef6172d-3ea5-468e-99b2-0dcd05ea719b,Hyperledger Fabric,LF Decentralized Trust
428e6fb1-587d-4ba1-8ceb-fef7d00814ac,Runtime-Checked Automated Programming For Chaincode Development,LF Decentralized Trust
d66a01c0-9e5e-4590-a61c-fff3d1192ef7,Hyperledger Fabric,LF Decentralized Trust
7fbdf9c5-81f3-454e-9ae7-542aa3bf2db7,Solang Solidity Compiler Optimizations And Error Handling,LF Decentralized Trust
22ffa754-28f6-42fb-b8eb-9e2577d01ddf,Hyperledger Fabric,LF Decentralized Trust
f53f3817-c5d4-474d-997f-231b5d243133,Support Nft Standards In Weaver For Cross-Network Asset Operations,LF Decentralized Trust
0e2a5766-9556-4bd6-b3bb-3a7802342485,Technical Deep Dive Workshop Content Creation For Hyperledger Cactus,LF Decentralized Trust
d7f3ec7d-c77b-4bd7-9107-f834434a5722,Telecom Decentralized Identities Network,LF Decentralized Trust
47d16213-d73a-4e24-bf8f-3deaf499d6d4,The Giving Chain,LF Decentralized Trust
d8a154c6-41fb-4733-b3c8-df37796e7fa3,The Use Of Nlp And Dlt To Enable The Digitalization Of Telecom Roaming Agreements,LF Decentralized Trust
7bb815a7-6be1-43d4-b276-33aeb1cf0d82,Towards Blockchain Interoperability,LF Decentralized Trust
c9ad16d3-d79f-4e78-8775-06e238b75914,Visual Studio Code Support For Hyperledger Caliper Artifacts,LF Decentralized Trust
84227d0f-1183-44f5-af4c-4c4138e40e70,Visualization And Analysis Of Cross-Chain Transactions,LF Decentralized Trust
a11b88b0-0947-47d1-8831-1bcee6a9d7a4,Aries-Vcx Based Message Mediator,LF Decentralized Trust
f33e952d-3624-4673-8e9d-27232da6b0a0,Aries-Vcx Next-Gen Mobile Wrapper,LF Decentralized Trust
ebaff150-3c69-4d3e-8ac1-5268b5d4672e,Making Chaincode Fault Tolerant Software,LF Decentralized Trust
0c6383ef-8393-4eba-9c6f-19c60a2682b5,Hyperledger Anoncreds V2 Zkp-Based Credential Revocation Manager Implementation,LF Decentralized Trust
6573e36c-ad4c-4cbd-86ef-5f6699e0ae69,Hyperledger Besu - Create K8 / Openshift Operators,LF Decentralized Trust
24a4cc3c-f120-4abb-b090-bdc38985d7d9,Hyperledger Cacti - Core Operators Modules For Dlts,LF Decentralized Trust
067650de-5dbb-4bbd-a5b3-fc3310fa230f,Hyperledger Cactus - Cactus-Samples - Business Logic Plugins For Hyperledger Cactus,LF Decentralized Trust
d43582b5-21b6-427f-b4cb-bf79afc12b34,Hyperledger Caliper - Declarative Workload Behavior Definition For Hyperledger Caliper,LF Decentralized Trust
692477cb-e620-40fe-b02a-f2a7894db67f,Hyperledger Caliper Documentation Platform Update,LF Decentralized Trust
e267822f-2186-4630-a08e-303cd0710705,Hyperledger Caliper Testability And Robustness Improvement,LF Decentralized Trust
78234cf3-5ff2-41ab-972e-a1688f1a197c,Hyperledger Cello - Operate Blockchain Network In An Efficient Way,LF Decentralized Trust
c13790aa-d331-4c1f-9d21-071eba77229c,Hyperledger Cello - Operate And Govern Blockchain Networks In Decentralized Way,LF Decentralized Trust
f93ac457-60e5-489a-a25c-4be94f4f3d98,Hyperledger Fabric,LF Decentralized Trust
681a70cc-9024-4de8-bdf2-3387a19518f2,Hyperledger Contribution And Community Engagement Video Series Mentorship,LF Decentralized Trust
85add1cb-8721-4715-af1e-d1cc75fe6f73,Hyperledger Fabric,LF Decentralized Trust
6c89d370-df87-4924-bc1e-c5565d592419,Hyperledger Fabric,LF Decentralized Trust
1ccc33e0-ea10-4d82-8032-ae55ce5efec7,Hyperledger Fabric,LF Decentralized Trust
fa5b2116-3ce5-476f-b1c5-4084159eae1a,Hyperledger Fabric,LF Decentralized Trust
b9a12ee5-c6e8-46d0-bab1-19e1340286c3,Hyperledger Fabric,LF Decentralized Trust
a1fc2d2b-8d37-41a8-897d-6f8a01249ddc,Hyperledger Indy -Secure Did Registry On Github/Gitlab For Hyperledger Frameworks,LF Decentralized Trust
f5d19006-91d7-4778-bdc5-2322b7dd0d4a,Hyperledger Indy Read Replica Implementation,LF Decentralized Trust
8ed6015e-d233-4ead-9ec4-1ac88a7d7056,Hyperledger Iroha + Burrow - Extend Existing Solidity Vm Integration,LF Decentralized Trust
46f39522-fef2-4803-9877-b5052ebc2771,Hyperledger Iroha + Cactus - Integration,LF Decentralized Trust
6b88c848-0fa6-4751-9c76-7fbcd067b50a,Hyperledger Iroha - Blueprint-Like Interface For Iroha Special Instructions,LF Decentralized Trust
625d1198-a741-45a8-bf03-ff439fb2ebe8,Hyperledger Iroha - Extend Hl Iroha Queries With Optional Arguments,LF Decentralized Trust
fe4eed7e-12a9-4fe8-9fd0-83d948d4da98,Hyperledger Iroha - Integration With Hyperledger Quilt,LF Decentralized Trust
d567eb49-9e69-49d3-b858-8d60657869b3,Hyperledger Iroha - Making Data Model Modular For Interoperability With Other Projects,LF Decentralized Trust
7cd84e47-4a70-41a3-b3ca-32989be5f8e5,Hyperledger Iroha - Reworking Consensus Api,LF Decentralized Trust
eed9b6a5-8fc9-415c-8dd0-053cbc9e2278,Hyperledger Solang - Implement Two Compiler Passes For The Solang Solidity Compiler,LF Decentralized Trust
ab5d101c-3791-4336-888c-e6c9ffaa7e72,Hyperledger Solang -Create A New Solidity Language Server  Using Solang Compiler,LF Decentralized Trust
f3faa271-b8a7-420f-a8b1-3f1b71e7a2ed,Hyperledger Solang,LF Decentralized Trust
7b9d5a1b-60f8-449e-abd4-143025447c7a,Hyperledger Umbra - Adding Network Fuzzing Capabilities,LF Decentralized Trust
6970f6e1-a365-4ab7-9f6e-9a26b8b4a145,Hyperledger Fabric,LF Decentralized Trust
b3878c5c-ec58-43c0-8462-e4ac487f2f64,Hyperledger Umbra - Scaling Experiments,LF Decentralized Trust
daac69c8-8452-40e3-bc54-03a3a4b22da3,Hyperledger,LF Decentralized Trust
5a251382-7258-4107-9263-ac7f48b9e70b,Hyperledger,LF Decentralized Trust
bb06eaeb-cc9b-4d3c-91a3-443e7e788da7,Hyperledger,LF Decentralized Trust
8b5ce8ac-3122-4850-afe1-79fb49f99ee1,Hyperledger,LF Decentralized Trust
5c5ed565-81c8-490f-9044-e19cea400516,Hyperledger,LF Decentralized Trust
1bb92bcb-0c53-4c5a-b5db-acb0aea24242,Idl Writer / Verification,Linux Foundation
fb6bd579-8034-4492-8bad-af9c82316b2c,Implement Tilelink Uncached Heavyweight  In Caravan Framework,Linux Foundation
8b5cf9c8-9900-4c2d-9b84-7815ac7fc06a,Implementing Rvv V1.0 Floating Point Vector Instructions In Nucleusrv Core,Linux Foundation
006dd971-b116-4534-aeeb-2915e543721e,Improve Risc-V Software Ecosystem Verification,Linux Foundation
b4a7d639-aefb-485a-a5ab-96cbed8f344f,Improve The Zowe Doc Site Generator And Ui,Linux Foundation
958fe36a-d763-4422-81af-c5ecf2465957,Linux Kernel,Linux Foundation
4eb229ab-ebba-486b-a3c0-0b533871ef65,Jaeger Mentorship,Linux Foundation
bce45251-1ff4-4131-9699-0a0017b31495,Jenkins,Linux Foundation
ba41187f-fa8d-47e1-8046-4040e5b35b73,Keptn,Linux Foundation
fe0f6feb-4571-4dd5-9bfd-8a01c10ed734,Linux Kernel,Linux Foundation
1b931913-44a4-43a7-92ed-d7b2089060b1,Kubeedge,Linux Foundation
de7ca1c2-2d22-4919-bef8-6cca50a54426,Kubevirt,Linux Foundation
2d438b9a-c539-46d0-9eed-c6ee4404c88a,Kubernetes,CNCF
082568c5-9af1-4ab3-9730-25336f16f145,2023 Opendaylight Website Refresh,Linux Foundation
82a552f5-fc93-499c-87f9-5510e63dba23,2023 Opendaylight'S Ci Pipelines And Containers Modernization,Linux Foundation
9457747c-09ca-4b1f-b7fc-e38640fd6c55,Modernize Opendaylight'S Ci Pipelines And Containers,Linux Foundation
2d998240-9363-4a77-a09c-e85b96611024,New Opendaylight Csit Framework,Linux Foundation
ee48108e-0ffb-4106-9502-4f1d55550fef,Lf Networking Odl -Json Examples For Odl User Guides,Linux Foundation
763cd2cf-cce7-425d-a9c0-4eb67ffda8d6,Lf Networking Onap - Automation Testing - Portal/Sdc,Linux Foundation
aefe1ce7-77ea-48bf-8668-0def865896a6,Lf Networking Onap - Etsi Nfv Apis Conformance Test For Ovp,Linux Foundation
f1b12fb5-af97-40e5-927b-acbd30288183,Lf Networking Onap - Modeling/Etsicatalog,Linux Foundation
a325c565-a624-489a-8813-ac44e6f3862b,Lf Networking Onap - Security Requirements - Sdc,Linux Foundation
4cedc314-8d3b-451a-8fca-d5056dca3c69,Lf Networking Opnfv - Barometer Ci Development And Test Case Creation,Linux Foundation
aa268a71-bad5-40c3-bd2b-4f50bb3cffca,Lf Networking Opnfv - Hardware Delivery Verification Tool Development And Testing,Linux Foundation
540036e7-65de-48fe-a958-ccda48374030,Lf Networking Opnfv - Log-Analysis And Alerting For Opnfv-Vsperf,Linux Foundation
55fb6aae-5cf8-4c08-9775-fcf8d4553277,Lf Networking Opnfv - Software Delivery Verification Tool Development And Testing,Linux Foundation
65742dc0-7217-4c4a-a609-f5f0fcde5c0a,Linkerd,Linux Foundation
bb9973ac-5b46-4e1a-8052-7a4541d7909f,Linux Kernel,Linux Foundation
f2c89a34-d1cb-4ed0-ace2-cd959617ed14,Linux Kernel,Linux Foundation
1f3216bc-e266-415c-84c7-a9a728dff3ce,Linux Kernel,Linux Foundation
5cdea024-4cc8-4e48-bc61-3660b5f06978,Linux Kernel,Linux Foundation
6b275fcc-2d40-421c-a1ff-0b229f25fd21,Linux Kernel,Linux Foundation
f06db0d5-537e-4e0f-8ca4-0a471f95a04d,Linux Kernel,Linux Foundation
7671f900-a622-4bbc-956b-f4c336704478,Linux Kernel,Linux Foundation
f629822d-978e-437d-a617-28a02f428ee7,Linux Kernel,Linux Foundation
df065cf2-c9d2-453f-8624-7d84654d6352,Linux Kernel,Linux Foundation
9c354ea7-f08e-4d85-a93d-94d2a3cb30c8,Linux Kernel,Linux Foundation
2145d0aa-4812-4c6b-9108-42d64deea738,Linux Kernel,Linux Foundation
47aa2e38-cd34-4f6f-9db1-5530b795c614,Lorariscv,Linux Foundation
dfd7b7d9-7f80-48f8-91f4-bada2ceb416a,Mailu,Linux Foundation
32dd1ee4-a927-49ed-99d2-6bd8a38ccd76,My Conservation Life,Linux Foundation
dfc1a86c-dae4-4751-9367-c05aa9afefc1,Netlink Optimization For Sonic Lag,Linux Foundation
1915b2ef-a828-4f04-90ff-95c482e71d5b,Newlib Optimization,Linux Foundation
3cbfb661-bc50-42cd-96f1-4c0b430eba8d,Opnfv Internship,Linux Foundation
e6884a4f-c8bd-4a31-ac6b-577f6db507bc,Ospo Playbook,Linux Foundation
52faa755-1d30-4692-9796-e6bef09fa236,Open Horizon,Linux Foundation
60410ceb-37ca-4ecf-9233-f907d1adf439,Cobol Programming Course,Linux Foundation
99f7a0cf-2e4f-4856-8e0b-d203ea3339a6,Mainframe Open Education Project,Linux Foundation
e4b83555-82dd-4031-b51f-cb4e803099cf,Zebra Plugin For Hitachi Mainframe Storage,Linux Foundation
c14e86f1-cbf2-4c52-b00a-ad74c5d32b0f,Zowe - App Store Ui,Linux Foundation
00625dae-e9dd-447f-9c97-4a9c7cb7d429,Ade - Add Additional Log Support,Linux Foundation
13ffdfb6-cb76-4ff0-8ac1-c27977b8cb56,Enabling Ibm Z In Mlmodelscope,Linux Foundation
ef31c8f2-5e68-4d76-bc96-399ba2b104a0,Enhance Zvm Prometheus Exporter,Linux Foundation
2278d94c-c287-4417-a471-70601256e8d6,Feilong - Ansible Module,Linux Foundation
a8eddf2a-2b97-447a-90cc-7e8db0dab269,Inzpect,Linux Foundation
491ad5ae-67d0-40dc-8078-a5b1c0f5d944,Kube Cf - Endgame Platform On Z,Linux Foundation
24f4770b-3344-437d-beb6-77a0c6c47cd5,Zowe App Framework - File Transfer Application,Linux Foundation
8fbb5b59-7466-4303-aa2f-fee1021340b9,Zowe App Framework – App Generator,Linux Foundation
af12b527-5507-41bd-9636-3ee3bcce8846,Zowe Desktop Application State Persistence Mechanism,Linux Foundation
4850fcb8-1d20-4996-b519-03be0bf9ef4f,Zowe Desktop Documentation Viewer,Linux Foundation
ccf72716-13bb-45be-bfbf-df6997fbf5ef,Zowe Parsing Engine For Smf Or Rmf Pp Reports,Linux Foundation
12a9270f-8673-4acb-92ec-fd539fc2b567,Open Policy Agent,Linux Foundation
3918e3c7-c94e-4ff6-86cf-75affba454a1,Open Service Mesh,Linux Foundation
62606d5f-334c-471b-add9-bd82c0b4b170,Openblas,Linux Foundation
40a443f9-cb78-49e6-96ad-26616acb2113,Openebs,Linux Foundation
a721e8b8-5999-45a7-920a-279eaca3983d,Openhpc Summer Mentorship 2022,Linux Foundation
f1275c0e-7152-4e09-8d8b-6b14598afbc3,Opentelemetry,Linux Foundation
115b9e43-9b50-4342-906a-785407267280,Pasta,Linux Foundation
7fbfee27-5402-4fd6-a36f-388ddf89c0fa,Patchwork Tool Development Unpaid 2023,Linux Foundation
19794b46-5311-4fcc-86dd-6393061fb7ec,Porting Aosp 12 Emulator To Risc-V Rv64G,Linux Foundation
9595fbe7-6a8d-43d4-aebb-a54d57f33fdd,Prometheus,Linux Foundation
66c83532-84ba-473e-8764-6309481ff9ea,Risc-V Engagement Apprenticeship,Linux Foundation
c72e6f7c-c7b2-400a-86c2-6893cf58d976,Risc-V Mentorship,Linux Foundation
f994928b-8998-4cd3-b66e-c576aa99c9d5,Risc-V Mentorship,Linux Foundation
fb9e1ba6-d6ed-40b5-82b5-ee1089ef050a,Risc-V Mentorship,Linux Foundation
dee52aae-3119-47d9-b1fc-ac7f4da2c59b,Linux Kernel,Linux Foundation
df2ae723-8c13-4aaf-9dbb-0782e7923a45,Linux Kernel,Linux Foundation
61cdc089-fa7e-44df-aac3-18eaaf8aa31f,Random Test Generation For Risc-V Vector Extension,Linux Foundation
feec3e78-0880-4d75-bfc0-eed520d6a85e,Refactoring And Enhancing The Risc-V Opcodes Repository,Linux Foundation
5ac25a0f-7bf3-404d-8617-0528a2b00867,Ruby Tools Developer,Linux Foundation
695343c8-2a1a-4d0b-9d4c-e2c7d319c161,Soda Api,Linux Foundation
eedb7da8-3c05-4859-8877-c182e60a540b,Spdx Online Tools,Linux Foundation
ef07a2bd-8ec6-4b7e-bcc0-3de191e01ff3,Sailing Downstream,Linux Foundation
0f2a3646-4101-4ed0-ac0f-3ded5bd61714,Sailing Downstream Ii,Linux Foundation
843f4db8-8a17-41dc-bcdf-1a54e2609202,Sailing Downstream Iii,Linux Foundation
359dda52-7fb7-4fa8-82cd-a27216757a57,Service Mesh Interface,Linux Foundation
3f769e95-ee62-47ec-b326-a55304f44853,Slack To Zowe Integration,Linux Foundation
a2cf842b-c4e8-45b0-a69b-113f49d39b19,Software Discovery Tool - Add Z/Os Support,Linux Foundation
89eacb44-8718-4962-a6bd-129015f21f74,Specification Encoder,Linux Foundation
6e721604-da4f-4647-b8c4-2d41fab55adc,Supervisor Domains Priv. Isa Extension Emulation,Linux Foundation
0d534b25-051d-4e02-aff8-aaba71e1687f,Syscall Intercept For Risc-V,Linux Foundation
f51284ab-f652-47b1-9819-cd4135e75c00,Thanos,Linux Foundation
c6a0326c-b053-41a3-9bf2-1e7e78481ca6,Tikv,Linux Foundation
a658f72f-c2e9-44a5-8f2f-76da3892644a,Uetrv Picocore,Linux Foundation
6e7d1679-8de2-4b82-bc51-84b3c75ee326,Verilator Vpi Array Value Accessor,Linux Foundation
7f416728-2578-471b-9c7a-2136ebdb1e46,Wrapping Proprietary Printer Drivers Into A Printer Application Support For Ipp Fax Out.,Linux Foundation
a5d7c85a-e8c5-4c25-a4b8-593cc8e2e508,Xdp Redirect,Linux Foundation
f8c14eaa-8e20-4398-83ab-b8ac55d20e12,Yocto Project,Linux Foundation
a2672e89-28a2-4091-a5d7-768f96ddce1d,Zorow - Byo Z/Osmf Workflow,Linux Foundation
79c00d0b-def3-4bfb-9b3a-e79c85426f5d,Zowe Client Java Sdk,Linux Foundation
3f8e0628-c0ff-43b0-8b80-93e35d1f5c37,Zowe Explorer Extension Templates,Linux Foundation
d323ffd3-161b-4517-a5a6-c69d570e3f95,Zowe Toolkit Plugin For Intellij,Linux Foundation
e77be644-affc-4096-b27b-261de2c11f2a,Mixcore,Linux Foundation
c3c5bb20-0091-4a56-bba1-98a9a6303812,Todogroup,Linux Foundation
